company,review_title,rating,review_date,source_url,page_number,segment_label,raw_text
Airbnb,,,,,,pros,"Free food, work from home"
Airbnb,,,,,,cons,Low pay and very little growth
Airbnb,,,,,,pros,"- Good learning opportunities and exposure to cross-functional teams
- Some managers and teams genuinely embody the company’s cultural principles and maintain transparent communication.
- Benefits and policies, including parental support, are well-designed on paper"
Airbnb,,,,,,cons,"There
 is a noticeable gap between the stated culture and actual employee 
experience in certain teams.

Leadership decisions can sometimes lack transparency and empathy, 
particularly during organizational changes.

- In my experience, communication during role changes or position 
closures was not handled with the level of care one would expect from a 
company that strongly emphasizes culture
- There are concerns around consistency in how employees across regions 
are treated and valued, which can impact morale
- The quality of people management varies significantly depending on the
 manager"
Airbnb,,,,,,pros,"Remote, flexible work hours, kind team"
Airbnb,,,,,,cons,"Lots of bureaucracy and politics, need to manage up"
Airbnb,,,,,,pros,"- Great folks with great skills
- Greater collaboration
- New challenges and exciting work
- Generous leave and insurance policy
- Lunch and Snacks
- Employee credits of upto 84,000 INR / year"
Airbnb,,,,,,cons,"- Matrix organizational structure
- No additional pay for additional work / overtime
- Low opportunities for growth
- Below market compensation"
Airbnb,,,,,,pros,"Good WLB, pay is decent, culture is good"
Airbnb,,,,,,cons,Not too much career growth
Airbnb,,,,,,pros,"Good culture, cool product, great CEO"
Airbnb,,,,,,cons,Too much politics; things are moving pretty slowly
Airbnb,,,,,,pros,Option to work fully remote or from an office.
Airbnb,,,,,,cons,Teammates can be located in different locations making it hard to have in person meet up.
Airbnb,,,,,,pros,Good work life balance and nice people
Airbnb,,,,,,cons,Slow career progression and less interesting technical problems
Airbnb,,,,,,pros,"Aspirational culture
True belonging once you get down 2 or 3 layers from Brian"
Airbnb,,,,,,cons,"Aspirational values don’t truly show up day to day
Employee experience is broken"
Airbnb,,,,,,pros,"・Travel, hospitality and tech – Ideal for anyone who loves travel, hospitality, 　community building, and tech innovation.
・Regular off‑site meetups – Opportunities to connect with colleagues 
　from different regions IRL.
・Iconic office design – Meeting rooms styled after real property listings 
　add a fun, brand‑aligned touch.
・Great food & drinks – A wide variety of tasty, nutritious food and 
　beverages are always available. They even have a dedicated food 
　department."
Airbnb,,,,,,cons,"・Typical chaotic startup pace – Processes evolve on the fly, often 
    prioritizing speed and quantity over quality, which can dilute outcomes 
    and reduce impact.
・Indirect feedback process – Constructive criticism toward a colleague 
   was escalated as a formal complaint to my line manager, who accepted it 
   without hearing my perspective.
・Managerial handling of conflict – During a meeting, my line manager 
　lashed out at a colleague, avoided taking responsibility, and later reframed 
　the incident as a question of the colleague’s stress level."
Airbnb,,,,,,pros,"really good diverse, equati and inclusion ratings"
Airbnb,,,,,,cons,i dont know what to write
Airbnb,,,,,,pros,"Fun environment, fast paced, smooth"
Airbnb,,,,,,cons,Ehhh poor management and hard quota.
Airbnb,,,,,,pros,"Flexible work timings, Remote work,
Work is challenging and you can get good exposure to global operations"
Airbnb,,,,,,cons,"Can be a bit stressful at times, high performance culture in the company but the growth is also tremendous"
Airbnb,,,,,,pros,"- WFH is a big plus
- Live & Work Anywhere program is another perk though ""anywhere"" is really a stretch 
- Decent pay and benefits though pay equality in Canada is lacking compared to same roles in the US
- Belo days"
Airbnb,,,,,,cons,"-
 Nothing premium about the role, it is a regular call center job
- Constant abusive, threatening and entitled users, agents are expected 
to absorb harassment without adequate company intervention.
- Exhausting work and stress due to high call volume and cases
- Little to no support from managers who are  largely inaccessible due 
to meetings, leading to a sink or swim environment.
- High-pressure QA audits demand flawless execution of ever-changing 
scripts and protocols, regardless of high call volumes or the difficulty
 of the customer.
- Working lots of unpaid overtime during busy peak period to keep up 
with work load. Either you stay late to clear your queue for free or 
face performance management if you work quality/scores drops.
- ""Schedule Adherence"" metrics are punitive You’re penalized if a call 
runs into your break, but penalized if you drop the call to take the 
break. It’s a lose-lose."
Airbnb,,,,,,pros,"Amazing benefits, smart and kind coworkers"
Airbnb,,,,,,cons,"There weren’t any cons honestly, very hard to complain about anything"
Airbnb,,,,,,pros,"Nice culture, good product, pays well"
Airbnb,,,,,,cons,Stock is not going up
Airbnb,,,,,,pros,"Offers a great work life balance, smart coworkers, good pay, remote"
Airbnb,,,,,,cons,"Can be top-down, slow, better for coasting than growth"
Airbnb,,,,,,pros,Great company to work for
Airbnb,,,,,,cons,none at the exact moment
Airbnb,,,,,,pros,Best platform for hosting short and long term rentals
Airbnb,,,,,,cons,Guest often are confused reGARDING HOW TO CHECK IN
Airbnb,,,,,,pros,"Great flexibility and work life balance
Competitive compensation"
Airbnb,,,,,,cons,A lot of product iteration makes it hard to make long term architectural plans and to secure resourcing.
Airbnb,,,,,,pros,Growing company - pioneered a unique concept
Airbnb,,,,,,cons,Growing company = Growing pains
Airbnb,,,,,,pros,"Some good benefits, like three months to work from anywhere, and permanent remotely work"
Airbnb,,,,,,cons,"Crazy workload 
Shifts work (only a weekend off per month)
There is a false sense of team, when you need, it's all by yourself 
Hard to get holidays
Rare chances of promotion or internal moving 
Micromanaging
Very lower salary compared to other techs"
Airbnb,,,,,,pros,Strong global brand with impressive market presence
Airbnb,,,,,,cons,"Leadership culture can be highly political, especially at mid-to-senior levels

Decision-making is often influenced by internal alignments rather than performance or facts

Lack of transparent processes when it comes to conflict resolution and performance management

Employees can be subjected to sudden allegations without fair opportunity to defend themselves

HR support tends to align more with leadership narratives than neutral fact-finding

Psychological safety is inconsistent — speaking up can sometimes work against you"
Airbnb,,,,,,pros,"As
 a Comms Manager, you are at the center of some of the most fascinating 
cultural and regulatory conversations in the tech world. No two days are
 the same. I experienced a clear path to promotion. If you are proactive
 and can navigate the matrix, leadership is generally supportive of 
upleveling high performers."
Airbnb,,,,,,cons,"Because
 Airbnb operates in a sensitive regulatory and legal environment, 
getting a simple statement or press release approved often requires 
navigating multiple layers of Legal, Policy, and Executive stakeholders."
Airbnb,,,,,,pros,They are reasonable and easy to use app.
Airbnb,,,,,,cons,Slow answer times when help needed.
Apex Systems,,,,,,pros,"- Paga decente (en comparación a otros trabajos similares)
- Acceso a cursos de capacitación opcionales"
Apex Systems,,,,,,cons,"-
 Cambio constante de carga laboral
- Presión con métricas cada vez más detalladas
- Cambios casi diarios de la metodología de trabajo
- Pocas oportunidades de crecimiento
- Baja flexibilidad de horario
- Monitoreo constante durante tu horario laboral, con la particularidad 
de tener que generar tu propio reporte diario que incluya todos tus 
breaks y demás actividades.

Lo que comenzó como un buen trabajo se convirtió lentamente en una 
experiencia cada vez más parecida a un call center tradicional. Fui 
despedido de manera injustificada como muchos en su momento, bajo la 
excusa de ponernos en Banca. Todavía no nos han querido pagar nuestra 
liquidación, incluso nos retuvieron el sueldo para que aceptáramos 
migajas por una rescisión de contrato. Para esta empresa, que tiene el 
supuesto eslogan de ''do the right thing'', el cliente es juez, jurado y
 verdugo de todos los empleados. Si todo sigue igual no dudo que pronto 
haya más demandas colectivas."
Apex Systems,,,,,,pros,Muchos compañeros muy capaces y buenos en su trabajo
Apex Systems,,,,,,cons,Es un teleperformance como cualquier otro. La oportunidad de crecimiento es nula.
Apex Systems,,,,,,pros,"Sueldo decente
SGMM
Fun eventos
Snacks
Beer day
Comida gratis 1 vez x semana
Vacaciones desde primer año"
Apex Systems,,,,,,cons,"-
Cambios de horario constantes 
-Se nota que quieren que sea un puesto de rotación(ahora solo te 
contratan por 3 meses, en horarios full time de 12 horas y te PAGAN 
MENOS) 
-No importa que cumplas en métricas de calidad, eficiencia y 
puntualidad, tampoco importa que no tengas ninguna ACTA, PIB, CAN RCA, 
se pueden inventar cualquier excusa para correrte. 
-Despidos colectivos frecuentes(te dicen que te mandan a la banca de la 
empresa y al día siguiente te corren) 
-Te sientes amenazado todo el tiempo con recibir cualquier tipo de 
amonestación administrativa porque el cliente es totalmente intolerante 
al más mínimo error. 
- Te obligan a firmar ""renuncia voluntaria"" para no darte NADA.
- Se hacen weyes para pagarte horas extra (literal la gente tuvo que 
alzar la voz porque a nadie se las pagaron y tuvo que salir el bufón de 
la empresa a dar la cara)."
Apex Systems,,,,,,pros,Buen salario y prestaciones. Nada extraordinario. .
Apex Systems,,,,,,cons,"Si
 tuviste mala experiencia en un inicio con el cliente, para Apex lo es 
todo y no hay manera de reparar tu relacion por mucho que hagas."
Apex Systems,,,,,,pros,"Pago de nomina a tiempo
Buen salario"
Apex Systems,,,,,,cons,"Constante aumento gradual a la carga laboral
 Contratos ""temporales"" que terminan sin previo aviso"
Apex Systems,,,,,,pros,"Las prestaciones están buenas, cosas de ley, te dan el equivalente de tus vacaciones desde que entras"
Apex Systems,,,,,,cons,"Comenzando
 por los TLs que son homofobicos, cero profesionales, se dirigen de 
forma despectiva a los demás y lo peor es que ya no lo esconden, todos 
los escuchamos hablar mal de otros, nunca se preocupan por su equipo, 
siempre dicen que no está en sus manos hacer nada, le ponen el pie a los
 mismos del equipo solo por envidia o porque no les caen bien, están 
aliados para hacerle la vida imposible a quien les caiga mal.
Apex deja que los clientes no cumplan las leyes del trabajo en México, 
te obligan a tomar de tus descansos para ir al baño y si no lo haces te 
cuestionan. Hay equipos donde el TL hace que los de su mismo equipo se 
hagan igual de despotas y hacen un círculo vicioso de mala cultura 
laboral.
Te cuestionan todo lo que haces y te exigen que pongas en un Excel que 
haces a cada hora del día, siempre te están amenazando con correrte, 
cero recomendado entrar.
Además siempre te están exponiendo con todos para generar una 
competencia, haciendo aún más tóxico todo, si hay algo por minúsculo y 
sin importancia que tengas que no les guste, los TLs te hacen menos y se
 encargan de que los demás lo vean"
Apex Systems,,,,,,pros,Excelente cultura laboral y ambiente
Apex Systems,,,,,,cons,Salario no tan competitivo pero se compensa con mayor estabilidad
Apex Systems,,,,,,pros,"empleo 100% remoto
sueldo y prestaciones competitivas"
Apex Systems,,,,,,cons,"En
 cualquier seniority, debes de comprobar horas trabajadas para Apex  sin
 importar si tienes proyecto asignado o bandwith con cliente. Eso se 
considera para ser promovido  ademas de obtener certificaciones y 
justificar una jornada compleda con cliente; es abrumador."
Apex Systems,,,,,,pros,El ambiente laboral tratan de hacerlo muy bueno con actividades para unir a los empleados
Apex Systems,,,,,,cons,Se nota mucho el nepotismo y favoritismo en todas las áreas de la empresa. Aparte no tienen fondo de ahorro.
Apex Systems,,,,,,pros,Tienen buenas prácticas de entrevistas y onboarding
Apex Systems,,,,,,cons,Tu desarrollo está determinado por el cliente y manager que te asignen
Apex Systems,,,,,,pros,"Trabajo 100% remoto, mucha convivencia remota para fomentar unión de equipo y compañerismo."
Apex Systems,,,,,,cons,No hay muchas promociones de empleados fuera de Guadalajara
Apex Systems,,,,,,pros,"Discipline
Good Performance
Complience
Team
Good Salary"
Apex Systems,,,,,,cons,During my time in apex I feel very good with all coworkers I don't have any negative comment
Apex Systems,,,,,,pros,"Sueldo bueno, excelentes prestaciones y ambiente laboral"
Apex Systems,,,,,,cons,Mi proyecto no tiene home office
Apex Systems,,,,,,pros,"Prestaciones
Salario competitivo 
Trabajo remoto"
Apex Systems,,,,,,cons,No veo desventajas en la empresa
Apex Systems,,,,,,pros,"Prestaciones, crecimiento, trabajo remoto y buenos clientes"
Apex Systems,,,,,,cons,Exigencias como consultor hacia la empresa de apex estando bookeado 100% con cliente
Apex Systems,,,,,,pros,Está bueno el jale y paga bien
Apex Systems,,,,,,cons,mucho tiempo y horarios que cambian
Apex Systems,,,,,,pros,"hybrid working environment, good location"
Apex Systems,,,,,,cons,leadership lacking and lack of organizational culture
Apex Systems,,,,,,pros,"* Pagos a tiempo
* Bonos trimestrales
* Trabajo remoto
* Periodo de banca
* Buenos compañeros de trabajo"
Apex Systems,,,,,,cons,"*
 Supervisores que no tienen el nivel
- - Como ejemplos:
- - - Los supervisores se la pasan hostigando para que uno saque 
certificaciones que ni ellos tienen. La verdad, no sé qué criterio toman
 para subir a las personas a nivel de consultores líderes (supervisores)
- - - Piden nivel de inglés que ni ellos tienen
- - - El que a mí me tocó pensaba que las diferentes herramientas de 
control de versiones distribuidas en el mercado eran lo mismo, y parecía
 redundante anotarlas
- - - Brilló por su nula capacidad de tracking de los meetings 1:1. 
Fueron pérdida de tiempo porque no anotaba ni daba seguimiento a lo que 
se platicaba
* Directores incompetentes
- - Uno de los directores pensó que quería dar helpdesk support después 
de mencionarle que quería un enfoque mas de automatización
* Proyectos horribles
- - Había que estar soportando un pseudoarquitecto del lado del cliente 
que ni sabía las bases de AWS, pero que quería estar involucrado hasta 
en las decisiones de desarrollo
* Cero flexibilidad
- - Al estar remoto, uno esperaría mayor flexibilidad, pero la mayoría 
de los clientes querían o preferían una especie de oficina remota con 
una jornada rígida
* Micromanagement disfrazado
- - Las juntas y algunos mensajes disfrazados de ""¿Cómo estás?"", solo 
eran para ver si uno estaba cerca del teclado o cuánto tiempo uno se 
tardaba en responder
- - Para el periodo de banca, había que estar de acuerdo con ciertas 
""métricas"" que ni eran parte del contrato original
* Criterios de performance absurdos
- - Ni cumpliendo con el 100% de los puntos establecidos te aseguraba 
una promoción
- - Pedían que uno la hiciera de ventas, nana del cliente, soporte de 
recursos humanos, entre otras . . . sin paga adicional
- - Muchas de las cosas que pedían, estando o no en proyecto, sumaban 
más horas de las que se suponía la jornada, pero mencionaban que no 
había pago de horas extra. Que eso era parte de dar el extra
* Disfuncionalidad corporativa de otro nivel
- - No había comunicación ni claridad acerca de los proyectos internos, 
todo a la mera hora se sabía (si acaso lo mencionaban)
- - Cero transparencia acerca de la toma de decisiones
- - Promesas nivel gobierno: ""Este año lo volveremos a evaluar...""
- - Mejor sacar acuerdo para golfito en lugar de proveer una silla 
ergonómica
* Estrés constante
- - Un par de conocidos se salieron por recomendación del médico de 
evitar estrés innecesario o atenerse a posibles complicaciones por 
exceso de estrés. A los supervisores ni les importa si te enfermas, solo
 quieren quedar bien con sus jefes y no molestar al cliente
* La frase de oro: ""Con el cliente si tu ganas, ya perdiste porque te 
van a evaluar de muy mala manera""

Del lado de Apex Systems USA no sé cómo sea el management, del lado de 
Apex Systems México fue una experiencia de tipo ""Empresa Mexicana Líder 
en su Ramo"""
Apex Systems,,,,,,pros,"Prestaciones superiors a la ley
Buen salario"
Apex Systems,,,,,,cons,No hay caja de ahorro
Apex Systems,,,,,,pros,"La
 banca no es un lugar en el que peligre mi puesto como en otras 
empresas. Ofrecen buenos recursos de entrenamiento y fomentan el 
crecimiento de manera constante."
Apex Systems,,,,,,cons,No se tiene la prestación de fondo de ahorro.
Apex Systems,,,,,,pros,"-sueldo
-algunas prestaciones como bonos trimestrales"
Apex Systems,,,,,,cons,"-oportunidades de crecimiento no tan buenas 
-mucha burocracia y secretismo en los proyectos
-falta de comunicación entre apex y los proyectos"
Apex Systems,,,,,,pros,"muchas oportunidades
Nunca te van a correr
oportunidades de transicionar
Buen salario
Buena gente
comprensivos
Buenos bonos cada Cuarto"
Apex Systems,,,,,,cons,"Las actividades extras como cursos y/o cosas de tiempo libre,
Son obligatorias"
Apex Systems,,,,,,pros,Muy buena empresa para poder hacer carrera
Apex Systems,,,,,,cons,"Sueltos no bajos, pero no son como lo esperaria"
Apex Systems,,,,,,pros,"Buenas prestaciones, buen ambiente laboral y cultura"
Apex Systems,,,,,,cons,No cuenta con caja de ahorro y los vales de despensa pudieran ser un poco más
Apex Systems,,,,,,pros,"Capacitacion
algunos empleados son super amables"
Apex Systems,,,,,,cons,"-
 La manera en que te despiden, a varias personas les han mandado 
abogados a sus casas sin aviso para despedirlo, sin importar si esta su 
familia o familiares enfermos. es una pesima practica que no explica lo 
de great place to work.
- Subir es super dificil tienes que hacer activiades internas y con 
clientes.
hace muy poco solia ser una muy buena empresa, pero en la actualidad 
debido a sus malas practicas esta dejando de ser un buen lugar"
Chubb,,,,,,pros,"Buen salario
Excelentes prestaciones muy superiores
Bonos
Buen ambiente laboral"
Chubb,,,,,,cons,"Crecimiento
Capacitación
Procesos muy amplios"
Chubb,,,,,,pros,"Flexibles en horarios y vacaciones
Buen sueldo
Buenas Prestaciones
Híbrido o Remoto"
Chubb,,,,,,cons,"Ambiente laboral malo
Exceso de cursos obligatorios
Cambios de management seguido
Desconexión entre RH y sus Equipos
Desconexión entre todos los equipos"
Chubb,,,,,,pros,"La
 ventaja es que al ser practicante y tener tiempo parcial se acomoda muy
 bien a tus estudios, además el formato híbrido es ideal como 
estudiante."
Chubb,,,,,,cons,La organización y comunicación debería mejorar.
Chubb,,,,,,pros,"Flexibilidad
Aprendizaje
Buen lugar
Crecimiento
Estabilidad"
Chubb,,,,,,cons,"Burocracia
Ambiente corporativo
-
-
-"
Chubb,,,,,,pros,"Muy buen ambiente laboral, muy automatizado todo, definitivamente es un buen lugar para trabajar."
Chubb,,,,,,cons,"Ninguna, en realidad fue una muy buena experiencia y aprendes demasiado."
Chubb,,,,,,pros,"prestaciones, ambiente laboral, mucho crecimiento profesional"
Chubb,,,,,,cons,"algunos lideres con muy mala actitud, no ven por el empleado y te califican mal al cierre de año"
Chubb,,,,,,pros,Todo el ambito laboral era bueno
Chubb,,,,,,cons,Ninguna que pude ver en mi tiempo alli
Chubb,,,,,,pros,"Buen sueldo
Buenas prestaciones temporales
Sin presiones 
Mucho tiempo libre"
Chubb,,,,,,cons,"Sub-contratado 
Sin beneficios reales 
Sin beneficios reales
Aguinaldo de 15 dias 
Equipo de computo anticuado 
Sin beneficios 
Favoritismo para obtener la base 
Si respaldo"
Chubb,,,,,,pros,"Prestaciones superiores
Home office
Instalaciones
Buen ambiente laboral"
Chubb,,,,,,cons,"Salario
Sobrecarga laboral
Mala comunicación
Falta de crecimiento"
Chubb,,,,,,pros,"Early Friday, días libres, utilidades, flexibilidad horaria, modalidad hibrida"
Chubb,,,,,,cons,"Pésima cultura, ambiente no tan amigable para gente nueva. Recursos Humanos no hace un buen trabajo."
Chubb,,,,,,pros,Buenas prestaciones seguro y ambiente laboral
Chubb,,,,,,cons,Depende del proyecto el nivel de exigencia
Chubb,,,,,,pros,"Salario competitivo
Oportunidades de rotacion
Ambiente joven (en hub Madrid)"
Chubb,,,,,,cons,"-Muy top-down

Es normal para empresas tan grandes"
Chubb,,,,,,pros,Buenos beneficios como los seguros
Chubb,,,,,,cons,Mucha burocracia y procesos que son comolo
Chubb,,,,,,pros,"Tienes oportunidad de crecimiento, proyectos y herramientas"
Chubb,,,,,,cons,Muchos procesos burocráticos para desarrollar
Chubb,,,,,,pros,Prestaciones y sistema híbrido de trabajo
Chubb,,,,,,cons,"El crecimiento es lento, ya que no hay mucha rotación"
Chubb,,,,,,pros,"prestaciones, medio tiempo, y buen ambiente"
Chubb,,,,,,cons,Dejaron de dar muchas prestaciones
Chubb,,,,,,pros,"-Buen ambiente laboral, haces muchos amigos todos son muy profesionales
-prestaciones por encima de la competencia por ejemplo tienen plan de pension
-Hay apoyo por parte de los jefes directos ya que upper management si es muy exigente
-Instalaciones muy comodas"
Chubb,,,,,,cons,"la
 carga de trabajo a veces puede ser muy pesada
entre juntas y deploys a veces las jornadas se extienden hasta tarde en 
la noche y esto complica poder ir a la oficina los 3 dias a la semana 
que requiere
-Te tienes que estacionar a 4 edificios de distancia"
Chubb,,,,,,pros,"Fondo de ahorro, horario flexible (híbrido), instalaciones buenas."
Chubb,,,,,,cons,No es muy claro subir de jerarquía
Chubb,,,,,,pros,"Medio tiempo, hibrido, cerca de escuelas, buena beca"
Chubb,,,,,,cons,Falta de desarrollo a los becarios
Chubb,,,,,,pros,"Buenas prestaciones, seguro de gastos medicos menores y utilidades"
Chubb,,,,,,cons,Falta de conocimiento tecnico en muchas areas y lideres sin experiencia tecnica con tiempos insostenibles
Chubb,,,,,,pros,Buenas prestaciones excelente ambiente laboral
Chubb,,,,,,cons,No es full home office
Chubb,,,,,,pros,"Prestaciones arriba de ley 
Días extras de vacaciones"
Chubb,,,,,,cons,"Eventos muy básicos para los empleados, cada vez más complicado vender"
Chubb,,,,,,pros,"Buen
 clima de trabajo, son bastante flexibles a la hora de equilibrar vida 
personal y trabajo, dan reconocimiento por comienzo de ciclo lectivo y 
para fin de año,"
Chubb,,,,,,cons,"los
 sistemas que usan son obsoletos, demasiado burocrático todo, lo que te 
impide avanzar con el trabajo, los sueldos son acorde a mercado, entras 
en categoria 2 de convenio de seguros y es muy dificil que te suban de 
categoría. Pocas posibilidades de crecimiento, el sueldo lo percibis el 
primer día habil del mes"
Chubb,,,,,,pros,"Facilidades, horario, ambiente, jefes, ubicacion"
Chubb,,,,,,cons,"Cierre de mes, cargas de trabajo"
Chubb,,,,,,pros,que tu cv se va a ver bonito con el nombre chubb pero nada mas
Chubb,,,,,,cons,"los
 equipos se manejan por dioses intocables sin importar como tratan a sus
 subordinados. si te quejas te corren. te cargan de trabajo sin medir y 
si no lo haces te corren. si no te cuadras con el dios (director) te 
corren. reajustan personal sin importar nada. a recursos humanos le 
importa un cacahuate el ambiente laboral"
IBM,,,,,,pros,"Empresa conservadora.
Ofrece crecimiento y desarrollo de plan de carrera."
IBM,,,,,,cons,"Mayor exposure para vacantes en India.
Muchos puestos se estan moviendo a otros lugares ."
IBM,,,,,,pros,"Muy bien todo, excelente ambiente"
IBM,,,,,,cons,"Nada que decir, todo bien"
IBM,,,,,,pros,Ambiente laboral es muy bueno
IBM,,,,,,cons,Es muy empresarial y ya
IBM,,,,,,pros,"Reto tecnológico según el proyecto donde estés
Equipo grande donde hay margen de aprendizaje"
IBM,,,,,,cons,"Presencialidad en oficinas
Horarios semi-rígidos"
IBM,,,,,,pros,Puedes tele trabajar en función del proyecto
IBM,,,,,,cons,"Te
 dicen que te forman pero la realidad es que te lanzan en proyectos sin 
saber nada y las promociones a banda 7 están paralizadas. Suben muy 
pocos"
IBM,,,,,,pros,"Muy buenas prestaciones, transporte de la empresa incluido, salario competitivo"
IBM,,,,,,cons,"muchos despidos ultimamente, cada vez suben la carga de trabajo por los mismos despidos, ya obligan a ir a la oficina."
IBM,,,,,,pros,"- Trabajo estable
- Buenas prestaciones
- Libertad de tomar vacaciones
- Buenos valores y compañeros"
IBM,,,,,,cons,"Una
 vez estas dentro es bastante difícil aumentar tu sueldo, aun cumpliendo
 con lo necesario. Suelen agregar mas y mas requerimientos y al final 
algunas veces solo te rechazan la promoción por ""temas de presupuesto""."
IBM,,,,,,pros,"Muchos beneficios, como seguro de auto, vida, lentes grátis entre muchas cosas"
IBM,,,,,,cons,Subir de banda es casi imposible
IBM,,,,,,pros,Prestaciones buenas sobretodo en caja de ahorro
IBM,,,,,,cons,"No
 te asignan proyectos , si te mandan a banca ten por seguro que te 
despistan a menos que te lleves bien con los managers que asignan los 
proyectos"
IBM,,,,,,pros,"Buen sueldo
Buen ambiente laboral"
IBM,,,,,,cons,"Pocas oportunidades de crecimiento
Instalaciones un poco lejanas"
IBM,,,,,,pros,"Cultura Organizacional, Globalización, Intercambio entre miembros de distintos países, aprendizaje y desafíos constantes,"
IBM,,,,,,cons,"Los aumentos no son tan recurrentes como me hubiese gustado, a pesar del desempeño."
IBM,,,,,,pros,"Prestaciones, oportunidades, cursos, carga laboral"
IBM,,,,,,cons,"Sueldo, aumento, cambio de banda"
IBM,,,,,,pros,Mucho training y viajes. Buena cultura. Buena prepaga galeno o smg
IBM,,,,,,cons,"Muuuuy
 pocos beneficios. Aumentos de salario cada 6-7 meses y a inflación 
vencida. No hay bono. La cuota de comisión es la que le pinta al de 
comercial ponerte y si sale que ganas mucho te la bajan."
IBM,,,,,,pros,La chapa que capaz daba decir trabajo en IBM
IBM,,,,,,cons,"El sueldo es un desastre, entra gente siempre que gana màs que vos, si te quedas años ahi sos pobre, no cuidan a las personas"
IBM,,,,,,pros,"Dueño
 de tu tiempo una ves que sabes como hacer las cosas, trabajo hibrido, 
el seguro de gastos médicos, el seguro de flotilla de autos, en ventas 
los bonos si llegas a tu meta son muy buenos."
IBM,,,,,,cons,"Constantemente
 tienes que estar demostrando nuevos conocimientos aunque tu trabajo sea
 excelente y ´por más que entregues todo a tiempo siempre habrá un 
sistema nuevo de inteligencia artificial que te ´pueda sustituir."
IBM,,,,,,pros,"El ambiente laboral, el cuidado al trabajador, los valores de la empresa hace que trabajes feliz y comodo."
IBM,,,,,,cons,Las prestaciones muy buenas solo el fondo de ahorro esta a la mitad del tope de ley.
IBM,,,,,,pros,"1.Cultura organizacional sólida
2.Fuerte enfoque en diversidad e inclusión
3.Buen equilibrio entre vida laboral y personal
4.Prestaciones y beneficios competitivos
5.Marca fuerte para el desarrollo profesional"
IBM,,,,,,cons,"1.Crecimiento profesional lento
2.Movilidad interna complicada
3.Dependencia del proyecto o cliente
4.Gestión y liderazgo inconsistentes
5.Salarios que pueden estancarse"
IBM,,,,,,pros,"- hay 2 días de Home Office 
- hay gente que está comprometida por los beneficios que se otorgan 
- un ambiente de trabajo ok
- vending machines que reciben tarjeta de crédito y efectivo"
IBM,,,,,,cons,"- Demasiado lejos de la ZMG sin rutas alternas y si las hay son peligrosas.
- Las rutas que ofrecen no abastecen ni mitigan nada y lso horarios son terribles
- Hay cafetería, no hay proveedor (un espacio con sillas y mesas)
- No hay mucha variedad de comida cerca
- Muy burocrático todo, y todo mundo te manda con alguien más, nadie se hace cargo de nada (ni el manager)
- Creen que un AI Chatbot te saca del apuro en absolutamente todo"
IBM,,,,,,pros,"Remoto, buen sueldo, aprendizaje continuo, plataformas para certificado, networking"
IBM,,,,,,cons,Puede ser inestable si el proyecto con el que trabajas no continúa o ya no necesita de IBM
IBM,,,,,,pros,"Haces curriculum, networking, buenos cursos. Teletrabajo."
IBM,,,,,,cons,Sueldos bajos y condiciones mejorables. Largas horas.
IBM,,,,,,pros,Good environment to work for
IBM,,,,,,cons,difficult to climb the ladder
IBM,,,,,,pros,"Sueldo, prestaciones, proyectos, oficinas, esquema híbrido"
IBM,,,,,,cons,"Crecimiento profesional, path de carrera, gerentes"
IBM,,,,,,pros,"Buen ambiente de trabajo
Fondo de ahorro
Trabajo híbrido en algunos proyectos"
IBM,,,,,,cons,"Distancia a las oficinas
Es difícil que te acomoden en otro proyecto"
IBM,,,,,,pros,"Prestaciones superiores.. seguro de GMM
Seguro de auto a tarifa especial, plan de pensiones"
IBM,,,,,,cons,"Trabajas
 casi todos los últimos del mes, incluyendo 24 y 31 hasta las 12 pm que 
termina el año fiscal, la nomina es mensual por lo que las aclaraciones,
 aunque son mínimas, son un poco tardadas"
IBM,,,,,,pros,"Buena Cultura, buenas prestaciones, buenos clientes"
IBM,,,,,,cons,"Las
 oficinas estan en las afueras de la ciudad y puede resultar un poco 
dificil transportarce, aunque cuenta con su servicio de transporte."
Infosys,,,,,,pros,"Strong brand value on resume
Good training for freshers
Decent work-life balance (in many teams)
Onsite opportunities available
Stable job environment"
Infosys,,,,,,cons,"Slow salary growth
Limited role flexibility
Bureaucratic processes
Project quality varies a lot
Less exposure to latest tech in some roles"
Infosys,,,,,,pros,Múltiples clientes con los cuales puedes trabajar
Infosys,,,,,,cons,Se aprecia que el pipeline de new hires es mayor al número de personal de RH
Infosys,,,,,,pros,Stable Job no worries about layoffs
Infosys,,,,,,cons,Sometimes need to stretch to 14 hours
Infosys,,,,,,pros,Lugar para aprender y crecer profesionalmente
Infosys,,,,,,cons,No hay aumentos una vez que ingresas
Infosys,,,,,,pros,"Home office, prestaciones de ley"
Infosys,,,,,,cons,"Falta de proyectos, falta de comunicación, nulos aumentos"
Infosys,,,,,,pros,"Hybrid
 or remote work, or sometimes weekends and full week, but this is not 
common, depending on the project. Many projects are not too demanding, 
so you’re often quite relaxed. They are also patient with the time you 
spend on the bench."
Infosys,,,,,,cons,"The
 salary is not very competitive compared to other companies. There are 
limited projects available for junior levels, and opportunities often 
depend heavily on the manager. Additionally, career growth within the 
company can be limited."
Infosys,,,,,,pros,Tienen muy buenas capacitaciones y el salario es bueno a secas
Infosys,,,,,,cons,"Proyectos demasiado con mucha presión, es imposible encontrar un balance entre tu vida personal y los proyectos"
Infosys,,,,,,pros,"Estabilidad, buenos proyectos, mucho que aprender"
Infosys,,,,,,cons,No subes rápido de puesto ni de ingresos
Infosys,,,,,,pros,Buen ambiente de trabajo y colaboración
Infosys,,,,,,cons,Sueldos bajos y mucha burocracia
Infosys,,,,,,pros,No tuve. Lleno esta casilla porque es obligatorio
Infosys,,,,,,cons,"Todas.
 Estuve contratado como tercerizado para otra empresa y nunca nos 
sentimos ni representados ni defendidos por nuestro trabajo. No teníamos
 beneficios similares a los empleados de la compañía por la cual 
trabajábamos 40 horas semanales y se generó mucho ruido interno con 
nuestra coordinadora."
Infosys,,,,,,pros,"Trabajo híbrido
Apoyo para silla ergonómica
Apoyo para internet"
Infosys,,,,,,cons,"Mala dirección 
Managers sin metas claras
Bajo crecimiento"
Infosys,,,,,,pros,la compensacion era muy justa
Infosys,,,,,,cons,la ubicacion no era la mejor
Infosys,,,,,,pros,"Tienen
 programas donde emplean personas recién graduadas para capacitarlos 
como desarrolladores y con base en los cursos que te asignen te buscan 
un proyecto relacionado. A mi me capacitaron para ser Full-Stack junior y
 me consiguieron un proyecto de Front-End con React donde permanecí 3 
años."
Infosys,,,,,,cons,"Estando
 en banca también te pueden asignar cursos en tecnologías de nicho y 
asignar a un proyecto donde te puedes estancar por solo trabajar con esa
 tecnología,"
Infosys,,,,,,pros,Fondo de ahorro y prestaciones
Infosys,,,,,,cons,Poco crecimiento a largo plazo
Infosys,,,,,,pros,"Home Office
Prestaciones 
Buenas instalaciones"
Infosys,,,,,,cons,"Mala Organización 
Salario no compettivo"
Infosys,,,,,,pros,Team is really good and nice
Infosys,,,,,,cons,Depende del jefe que te toque
Infosys,,,,,,pros,"Buen salario
Capacitacion continua
Buen ambiente laboral"
Infosys,,,,,,cons,"Falta de proyectos
Falta de comunicacion por parte de los managers"
Infosys,,,,,,pros,"Seguimiento al empleado
Cursos disponibles"
Infosys,,,,,,cons,"Poco crecimiento
Salario regular en comparación al mercado"
Infosys,,,,,,pros,"prestaciones,
 capacidad de desarrollar skills, exposicion a clientes importantes, 
experiencia si te toca buen proyecto, modelo hibrido"
Infosys,,,,,,cons,"mala
 paga, cultura laboral explotadora en ciertos proyectos, muchas 
posiciones de support en caso que no te guste, crecimiento en la empresa
 csai nulo independiente de tus logros."
Infosys,,,,,,pros,"Tienes acceso a deals de bajo perfil, por lo que puedes involucrarte mucho desde un nivel junior."
Infosys,,,,,,cons,El sueldo y prestaciones son muy malas para un trabajo en banca de inversión.
Infosys,,,,,,pros,"No
 deja de ser una consultora, si estás en la ciudad donde se encuentra la
 oficina tienen modo híbrido (ir 2 días a la semana), si estás fuera de 
la ciudad sería remoto o depende proyecto o PM, en cuanto a trabajo 
depende del proyecto que al que te toque participar pero me tocó ver qué
 para personas recién egresadas es muy buen punch para empezar pero 
mientras mi estadía y en proyectos me sentí muy cómodo"
Infosys,,,,,,cons,"recomiendo
 cotizarte bien al entrar los aumentos no son muy buenos que digamos 
(1-4% )aún que tengas buena evaluación de rendimiento"
Infosys,,,,,,pros,entrenamiento y capacitación continua para mejorar
Infosys,,,,,,cons,"salario
Tiempos
Permisos 
We
We"
Infosys,,,,,,pros,buen sueldo y buen ambiente laboral
Infosys,,,,,,cons,no hay crecimiento a largo plazo
Infosys,,,,,,pros,"Gran empresa, mucha calidez humana"
Infosys,,,,,,cons,No le encuentro ninguna desventaja
Infosys,,,,,,pros,"Trabajo remoto, hasta que te asignaban a cliente en ese caso lo normal era viajar 4 días a la semana en Europa"
Infosys,,,,,,cons,"Tenias
 que buscarte tú un projecto dentro de la empresa. Los líderes de 
capacitación no funcionaban bien. Había mucha gente sin poryecto y otros
 desbordados de trabajo"
Luxoft,,,,,,pros,"Trabajo remoto, apoyo teletrabajo, flexibilidad"
Luxoft,,,,,,cons,"Crecimiento labora
.
.
."
Luxoft,,,,,,pros,"Buen ambiente
Proyectos interesantes
Muchas opciones para aprendizage y desarrollo profesional
Buen balance entre trabajo y vida personal (segun el proyecto en que estas)"
Luxoft,,,,,,cons,"Las políticas de DXC cada vez toman más fuerza, y no son las más amenas para trabajar.
Podrían tener mejores salarios"
Luxoft,,,,,,pros,"La
 empresa mantiene un trato adecuado hacia el personal y ofrece un 
esquema remoto bien estructurado. En mi caso, recibí un kit de 
bienvenida que incluía equipo de trabajo completo, como laptop y monitor
 adicional. Además, se otorga un apoyo de 3,000 pesos para adquirir una 
silla ergonómica, fondo de ahorro al máximo permitido por la ley, 
reparto de utilidades, 30 días de aguinaldo y un apoyo mensual de 900 
pesos por trabajo remoto. En conjunto, el paquete de prestaciones es 
sólido y competitivo."
Luxoft,,,,,,cons,"Al
 ser contratado a veces te mandan a proyectos donde ni siquiera estan 
alineados con tus skills o conocimientos técnicos, solo por cubrir esa 
vacante. Cosa mala en mi caso, el ""tiempo"" de bech segun son 2 meses, 
pero realmente si sales de proyecto te dan como 40 dias para estar en 
bench y encontrar proyecto."
Luxoft,,,,,,pros,"nice co-workers, nice management, work-life balance"
Luxoft,,,,,,cons,"poor comunication from company, low salaries, no holidays for ukrainian people"
Luxoft,,,,,,pros,"Flexible, buena cultura, buen equipo de trabajo"
Luxoft,,,,,,cons,"Es un contratista, entonces te puede tocar un cliente bueno o malo"
Luxoft,,,,,,pros,"- Buenas prestaciones
- Buenos proyectos si te toca uno chido, puedes quedarte en ellos o cambiarte a otros"
Luxoft,,,,,,cons,- Muy complicado conseguir aumentos
Luxoft,,,,,,pros,"Prestaciones, horario laboral, proyectos, ""salario"""
Luxoft,,,,,,cons,Ya no se han tenido ajustes salariales desde la pandemia/desde que Luxoft pasó a ser parte de DXC
Luxoft,,,,,,pros,"Buen ambiente laboral, amigable.
Buen paquete de prestaciones.
Sueldo competitivo.
Oportunidades de crecimiento de carrera.
Amplia cartera de clientes.
Trabajo remoto."
Luxoft,,,,,,cons,Me parece que no hay desventajas.
Luxoft,,,,,,pros,Buen sueldo y buenas prestaciones superiores a las de ley.
Luxoft,,,,,,cons,No tengo desventajas que sobresalgan.
Luxoft,,,,,,pros,good company =to work on for a long term
Luxoft,,,,,,cons,"greedy owners, no promotions, unstable cunstomers"
Luxoft,,,,,,pros,"Si
 haces un buen contrato puedes tener buena paga, pero puede ser un arma 
de doble filo si te cambian de proyecto, puede que no entres a un nuevo 
proyecto si tu salario es alto independientemente si cumples con el 
conocimiento"
Luxoft,,,,,,cons,"-
Mas o menos los ultimos 3 años talvez mas, la empresa empezo a no ser la
 mejor perdieron clientes importantes y muchos cayeron en bench 
corrieron un gran numero de gente y los que no corrieron los empezaron a
 poner personas en cualquier posicion con tal de llenar espacios."
Luxoft,,,,,,pros,Excelente ambiente y compañeros i cluyendo las ventajas que ofrecen y buem sieldo
Luxoft,,,,,,cons,No tengo ninguna desventaja ppr mencionat
Luxoft,,,,,,pros,"Buenas prestaciones, buen ambiente laboral"
Luxoft,,,,,,cons,No hay aumentos de sueldo frecuentes
Luxoft,,,,,,pros,Muy buen ambiente laboral y soporte
Luxoft,,,,,,cons,Sujeto a cambios de plantilla de lo clientes
Luxoft,,,,,,pros,"Good salary and bonuses, as well as incredible benefits (gym membership, dental and vision plan)"
Luxoft,,,,,,cons,"No
 room to grow inside the company. You're told that you can change the 
team/project you're working on, but once you do, you paint a target on 
your back for layoffs.
Technical upskilling is dependant on the team you're in.
Also dependant on the client, a lot of unpaid extra hours."
Luxoft,,,,,,pros,"Trabajo Remoto, Procesos de onboarding claros,
buenas prestaciones"
Luxoft,,,,,,cons,carrer path necesita mas deficinion
Luxoft,,,,,,pros,"Salario dentro del rango competitivo para la industria
Un poco más de movilidad entre clientes y/o proyectos
Trabajo remoto"
Luxoft,,,,,,cons,"Una consultoría es un poco más inestable que otro tipo de empresas
Hay clientes buenos y otros no tanto
Poca visibilidad de tu trabajo con el empleador"
Luxoft,,,,,,pros,"Because
 the constant reduction of benefits there is not much compared to other 
similar companies. Maybe you have a bit more home office than others"
Luxoft,,,,,,cons,"-
 On the last 2 years rotation has significantly increased. Constant 
project losing increases the people that ends on bench and is usual that
 only 20% aprox finds a new project rest are fired.
- Bench time is not fixed sometimes is 0 days up to 2 or 3 moths, but 
how much time you may get depends on the specific situation.
- Vacations were good until a new politic forces you to take last 2 
weeks of year as vacation.
- Has been requested to stop remotely work and return to office is 
consistently enforced
- Salary increases basicaly are abcent
- Is usual that you get an absent direct and line manager, you only talk
 with them twice a year and if you have a problem well basically you are
 alone"
Luxoft,,,,,,pros,"Muy buen lugar para trabajar, buenas prestaciones y buen ambiente laboral."
Luxoft,,,,,,cons,No hay muchas desventajas por el momento.
Luxoft,,,,,,pros,We have a good work balance.
Luxoft,,,,,,cons,No one at this moment.
Luxoft,,,,,,pros,Muy buen ambiente de trabajo y muy buenos beneficios.
Luxoft,,,,,,cons,"Cuando
 el cliente ya no firma contrato con Luxoft, Luxoft te pide buscar 
dentro de la empresa buscar otro proyecto pero si no encuentras te 
despiden"
Luxoft,,,,,,pros,"Seguridad labora, prestaciones buenas, muy pocos layoffs"
Luxoft,,,,,,cons,Projectos poco desafiantes y aburridos
Luxoft,,,,,,pros,It depends on the client you are working.
Luxoft,,,,,,cons,Some clients ask for more work and they don't last more than 6 months.
Luxoft,,,,,,pros,Trabajo remoto ayuda con balance de vida personal
Luxoft,,,,,,cons,Demasiadas juntas de equipo .
Luxoft,,,,,,pros,"-trabajo remoto
-si negocias un buen salario desde que entras esta bien 
-prestaciones
-fondo de ahorro
-aguinaldo 30 días"
Luxoft,,,,,,cons,"-Dependiendo del cliente, pero hay mucha rotación de manager por parte del cliente 
-por parte de Luxoft te asignan como 3 o 4 managers para diferentes cosas 
-Arrogancia por parte de managers, en varios momentos quisieron echarme la culpa de cosas que ni al caso 
-literal me dijeron que una vez iniciado con cliente no tendría tiempo socia"
NEORIS,,,,,,pros,para comenzar tu carreta esta bien
NEORIS,,,,,,cons,podrian mejorar los sueldos un poco
NEORIS,,,,,,pros,Aprendes tecnología y estas con clientes buenis
NEORIS,,,,,,cons,Carga laboral a veces de mas
NEORIS,,,,,,pros,Aprendizaje directo con el cliente
NEORIS,,,,,,cons,Los sueldos no suelen ser competitivos
NEORIS,,,,,,pros,"El ambiente laboral es bueno
Todos colaboran para que salgan los trabajos
Te ayudan"
NEORIS,,,,,,cons,"Poca organización, te pueden dar un trabajo y a la semana despues otro por motivos externos y no saben como reubicarte"
NEORIS,,,,,,pros,"Todo conforme a la ley 100% nomina, GMM"
NEORIS,,,,,,cons,"Desafortunadamente
 dependemos del cliente que nos toque, casi no tienes relación con 
Neoris, sin cliente te pueden poner en banca hasta 3 meses con sueldo, 
algunos al día siguiente le dan las gracias."
NEORIS,,,,,,pros,El sueldo es bueno si es tu segundo trabajo
NEORIS,,,,,,cons,"No me ofrecieron SGM
No hubo seguro de vida
No hubo seguro dental
No me asignaron laptop de Neoris solo de cliente
Te asignan a cliente y probablemente se olvidan de ti. Se siento como una subcontratación y peor si estás en remoto
No hay crecimiento rápido
No hay un acompañamiento como coach  tecnologico, con ""líder"" interno solo he hablado 1 vez
Solicitar vacaciones de hacerse con 1 mes de antelación"
NEORIS,,,,,,pros,"Obra
 social buena, tenes acceso a udemy si lo solicitas, clases de ingles 
que tienen descuento, convenios con algunas empresas, en los proyectos 
que estuve realmente fueron muy buenos los equipos"
NEORIS,,,,,,cons,Sueldo esta medio bajo comparado a otros lados
NEORIS,,,,,,pros,"Aprendes mucho, hay oportunidad de crecer aunque aun no la he visto"
NEORIS,,,,,,cons,No se cortan un pelo en pedir que trabajes todo el fin de semana sin ningún tipo de remuneración porque el proyecto lo necesita
NEORIS,,,,,,pros,"Salario dentro de la media, 100% remoto."
NEORIS,,,,,,cons,"Me
 echaron tras más de un año en la empresa tras finalizar el proyecto con
 el cliente. Están perdiendo muchos clientes por su pésima gestión de 
cara a ellos.
Echaron a la mitad del equipo en vez de reubicarnos. Muchas rotaciones 
de personal el cual vas entendiendo porque.
Simplemente no valoran al los trabajadores. Los jefes de arriba son cada
 vez más malos."
NEORIS,,,,,,pros,"Buen sueldo
Buen ambiente laboral"
NEORIS,,,,,,cons,"Si
 no tienen proyectos una vez que entras en banca no esperan mucho tiempo
 para sacarte. Aun cuando ellos mismos te dicen que tomes tus días de 
vacaciones que tenias pendientes."
NEORIS,,,,,,pros,"Sueldo competitivo, variedad de proyectos, capacitacion"
NEORIS,,,,,,cons,"Ambiente laboral, sobrecarga de proyectos"
NEORIS,,,,,,pros,Teletrabajo y muy buen ambiente de trabajo
NEORIS,,,,,,cons,Salario bastante bajo para todo lo que desempeñas
NEORIS,,,,,,pros,"Es una buena empresa, pagos muy puntuales, excelente ambiente y mentoria"
NEORIS,,,,,,cons,"Poco crecimiento salarial, los ajustes son muy bajos"
NEORIS,,,,,,pros,"Sueldo competitivo
Prestaciones superiores a la ley"
NEORIS,,,,,,cons,"Es dificil subir de puesto, no hay un plan de crecimiento establecido
No hay mucha comunicación con la consultora, pues trabajas principalmente con el cliente"
NEORIS,,,,,,pros,"Muy
 lindo ambiente laboral, me toco trabajar con personas excelentes y 
super compañeras.
HomeOffice. Depende del proyecto te pueden tocar tecnologías 
nuevas/interesantes o stack legacy/viejisimo que no ayuda a tu carrera."
NEORIS,,,,,,cons,"Tiene
 uno de los peores sueldos del mercado.
Con +3 años de experiencia, mi sueldo es menor al de un Junior en 
cualquier otra empresa. Enviaron un mail diciendo que el proximo ajuste 
sera en julio (serian 8 meses sin ajuste).
Solo recomendable si uno es junior o puede negociar un buen sueldo, 
apostando a que no habrá incrementos regularmente.
Tampoco hay soluciones cuando uno plantea disconformidad con el sueldo 
actual."
NEORIS,,,,,,pros,Oportunidades de tener proyectos en remoto
NEORIS,,,,,,cons,Se tiene desventaja salarial en contra de otras consultoras
NEORIS,,,,,,pros,"Buena empresa, buenos proyectos y muy buen salario y prestaciones"
NEORIS,,,,,,cons,"Cuando
 se requiere apoyo de RH tardan muchisimo. Muchos cursos innecesarios 
(además de la carga de trabajo, exigen cursos que son totalmente 
innecesarios)"
NEORIS,,,,,,pros,La empresa es buena y cumplida con los pagos. Dependiendo del cliente claro esta.
NEORIS,,,,,,cons,"Llevo
 casi 3 años en la empresa y no he tenido aumento de sueldo. He 
insistido en este tema pero siempre evaden mi solicitud, Al final esto 
desanima muchísimo."
NEORIS,,,,,,pros,Relacion laboral es muy buena con el team
NEORIS,,,,,,cons,Las prestaciones no son tan competentes
NEORIS,,,,,,pros,Muy buena cultura de trabajo e instalaciones
NEORIS,,,,,,cons,"Cuando te ponen en banca, manejan mucho micromanagement"
NEORIS,,,,,,pros,"Buenas prestaciones, buena cultura laboral, vida balanceada, acceso a recursos de capacitación, etc."
NEORIS,,,,,,cons,No encontré desventajas de laborar en Neoris.
NEORIS,,,,,,pros,"Ambiente agradable
Compañerismo
Integración
Buenos Beneficios
Sueldo acorde"
NEORIS,,,,,,cons,Hibrido (A veces hay que ir a la oficina)
NEORIS,,,,,,pros,facilidad de hacer home office
NEORIS,,,,,,cons,No hay mucho aumento salarial
NEORIS,,,,,,pros,tener la oportunidad de trabajar
NEORIS,,,,,,cons,no hay desventajas especificas de trabajar aqui
NEORIS,,,,,,pros,"aparte
 de un buen salario, tenia flexibilidad y buen equilibrio para una vida 
personal decente, incluso diria deseable para muchas personas."
NEORIS,,,,,,cons,Llegar a las oficinas es un tanto complicado
Oracle,,,,,,pros,"Really great team environment, competitive payments and competitive benefits."
Oracle,,,,,,cons,"They don’t get salary increases often (rarely do you get to enjoy this, and not as much as expected)."
Oracle,,,,,,pros,puedes ajustar tu trabajo y vida personal
Oracle,,,,,,cons,"no
 te aumentan el sueldo acorde a los años que tienes en la empresa, las 
promociones son sin aumento, los empleados con muchos años usualmente 
terminamos ganando menos que los nuevos"
Oracle,,,,,,pros,Trabajo muy relajado e interesante
Oracle,,,,,,cons,Mucha volatilidad en la empleabilidad
Oracle,,,,,,pros,Excelente balance entre vida personal y trabajo
Oracle,,,,,,cons,El crecimiento salarial es inexistente
Oracle,,,,,,pros,"sueldo, ambiente de trabajo, oficinas, seguro medico"
Oracle,,,,,,cons,"muchos recortes, no aumentos o ajustes"
Oracle,,,,,,pros,"Prestaciones superiores a la ley
Buenas Instalaciones"
Oracle,,,,,,cons,Sueldo bajo considerando otras empresas de faangs
Oracle,,,,,,pros,"Buenas prestaciones
Salario medio 
Buen equipo"
Oracle,,,,,,cons,"Congelamiento de salario por años
No hay feedback ni te dicen que necesitas para el siguiente nivel
Te aprueban las promociones pero no las hacen efectivas"
Oracle,,,,,,pros,no tiene ninguna ventaja aqui
Oracle,,,,,,cons,te pagan al mes poco
Oracle,,,,,,pros,"Buen ambiente laboral
Equipo unido"
Oracle,,,,,,cons,Equilibrio entre Vida personal - Trabajo
Oracle,,,,,,pros,"Excelente, buenas prestaciones y seguro"
Oracle,,,,,,cons,"No aplica, todo estuvo ok"
Oracle,,,,,,pros,Buen ambiente laboral y balance familiar
Oracle,,,,,,cons,"No hay aumentos, acciones bajando de valor"
Oracle,,,,,,pros,A lot of learning with interesting teams
Oracle,,,,,,cons,It is difficult to increase your salary.
Oracle,,,,,,pros,"Es muy buen hambiente
Hay oportunidad de aprender"
Oracle,,,,,,cons,"Poca posibilidad de crecimiento
Estar en la oficina
Cambios constante que suelen afectar"
Oracle,,,,,,pros,"Prestaciones
 superiores a las de la ley, si bien el sueldo es similar a cualquier 
otra tech company, los beneficios son superiores, seguro de auto, 
descuentos con todos los socios de oracle, el campus, transporte"
Oracle,,,,,,cons,El sueldo ya no es tan competitivo como hace años
Oracle,,,,,,pros,Instalaciones limpias y de high tec
Oracle,,,,,,cons,Te corren cuando cuando menos te lo esperas
Oracle,,,,,,pros,"Es una gran empresa, tiene muchas prestaciones mayores a la del mercado.
Tiene incluso mejores prestaciones que el mercado de IT."
Oracle,,,,,,cons,"Al
 ser empresa grande todos los procesos llevan mucho tiempo, una 
promotion para un puesto lleva años, con el sueldo que entras te quedas 
muchos años."
Oracle,,,,,,pros,Home officce en algunos proyectos
Oracle,,,,,,cons,No hay aumentos de sueldo ni reconocimiento por parte de la empresa.
Oracle,,,,,,pros,"Buen salario y prestaciones, oficinas con gimnasio y canchas deportivas"
Oracle,,,,,,cons,"Oficinas
 abiertas y ruidosas (open office), cada vez es más popular el 
micromanagement (depende del proyecto), quieren que trabajes en fines de
 semana y días festivos (depende del proyecto)"
Oracle,,,,,,pros,"Buenas prestaciones, buen balance de vida - trabajo, buen equipo y ambiente laboral."
Oracle,,,,,,cons,No hay ajuste salarial anual
Oracle,,,,,,pros,Empresa top recomendable para trabajar.
Oracle,,,,,,cons,la empresa realiza ERE cada cierto tiempo
Oracle,,,,,,pros,Beneficios superiores a los de la ley.
Oracle,,,,,,cons,"Massive layoffs, 2 in 4 years."
Oracle,,,,,,pros,"Ambiente laboral, prestaciones superiores a las de ley, buena paga"
Oracle,,,,,,cons,Algunas posiciones son de mucho estres
Oracle,,,,,,pros,"home office, trabajo flexible y certificaciones"
Oracle,,,,,,cons,sueldo bajo en relación al mercado
Oracle,,,,,,pros,"Retribución
Oportunidades de aprender de los mejores"
Oracle,,,,,,cons,"Presión constante
Cambios frecuentes en el modelo te pueden dejar fuera"
Oracle,,,,,,pros,"Buen balance vida/trabajo, buenas ubicación de la oficina, buenos beneficios si se tiene familia."
Oracle,,,,,,cons,"Poca
 oportunidad de crecimiento en determinadas áreas, y la dirección 
respecto a los objetivos es muchas veces poco clara. Hay un poco de 
""chacrismo"" si se quiere."
Softtek en Mexico,,,,,,pros,"multiples tecnologias, ideql para desarrollo profesional"
Softtek en Mexico,,,,,,cons,prestaciones menos atractivas que la vompetencia
Softtek en Mexico,,,,,,pros,Tiene clientes muy competitivos que te permiten crecer profecionalmente
Softtek en Mexico,,,,,,cons,No hay mucha oportunidad de crecimiento de sueldos
Softtek en Mexico,,,,,,pros,Buen ambiente laboral y proyectos
Softtek en Mexico,,,,,,cons,Los sueldos son bajos y no hay aumentos
Softtek en Mexico,,,,,,pros,"Ofrecen cursos de capacitacion a otras áreas
El trabajo es relativamente tranquilo"
Softtek en Mexico,,,,,,cons,"Realmente
 que esos cursos buscan bloquearlos para que no tengas acceso
La enorme falta de comunicacion, muchas veces tenias que retrabajar 
cosas que ya habian quedado por escrito pero que superiores no se 
molestaban en revisar"
Softtek en Mexico,,,,,,pros,"Tinen
 buena organizacion en recursos humanos no tienes problemas con los 
pagos o prestaciones que ofrecen, te da la oportunidad de participar en 
proyectos con empresas grandes y/o americanas es muy buen lugar para ir 
empezando"
Softtek en Mexico,,,,,,cons,"depende
 totalmente de tu proyecto, he estado en proyectos asignados a US y todo
 esta muy bien pero he escuchado de proyectos para empresas en mexico 
que son muy explotadoras.

Utilidades nulas."
Softtek en Mexico,,,,,,pros,Te organizas a tus tiempo
Softtek en Mexico,,,,,,cons,Pocos vales de despensa y prestaciones normales
Softtek en Mexico,,,,,,pros,"Home office, proyectos internacionales y retadores, pool mientras te asignan a otro proyecto"
Softtek en Mexico,,,,,,cons,outsourcing; el proyecto se acaba y pues ni gracias te dan jeje
Softtek en Mexico,,,,,,pros,salario es competitivo al mercado aunque puede ser mejor
Softtek en Mexico,,,,,,cons,"todo depende de como le caigas al lider, tiene muy malos lideres"
Softtek en Mexico,,,,,,pros,"Se
 trabaja de forma , remota las prestaciones son de ley tienen, una buena
 cultura laboral,  tratan de  integrarte  apesar de ser  remoto."
Softtek en Mexico,,,,,,cons,"Mi equipo llego tarde, tuve mucho problemas de seguridad para trabajar en ambientes de escritorio virtual"
Softtek en Mexico,,,,,,pros,"- sueldo competitivo
- buenos clientes
- buenos compañeros"
Softtek en Mexico,,,,,,cons,"- clientes muy inestables, de un dia a otro ya se acaba la asignación
- el aumento salarial es nulo o insignificante
- a veces el plan de carrera es un poco desactualizado"
Softtek en Mexico,,,,,,pros,Tiene muchas prestaciones muy buenas
Softtek en Mexico,,,,,,cons,Muy coplicado para coonseguir aumentos
Softtek en Mexico,,,,,,pros,"Estuve
 asignado a un banco en modelo hibrido, mi estancia fue buena. Realmente
 el crecimiento depende del empeño que le pongas, la empresa ofrece 
cursos y una plataforma para aprender ingles."
Softtek en Mexico,,,,,,cons,"No hay aumentos de sueldo, al menos yo batalle mucho tiempo para que me lo dieran"
Softtek en Mexico,,,,,,pros,Las prestaciones son muy buenas
Softtek en Mexico,,,,,,cons,Cuando se termina el proyecto si no te colocan dentro de los primeros meses puedes causar baja
Softtek en Mexico,,,,,,pros,Te dan Remoto o Hybrido
Softtek en Mexico,,,,,,cons,No creces y te dan trabajo de otras areas
Softtek en Mexico,,,,,,pros,"Buen sueldo, es competitivo y da extras"
Softtek en Mexico,,,,,,cons,Buenas prestaciones extras a las de ley
Softtek en Mexico,,,,,,pros,Te permite empaparte de nuevas tecnologías rápidamente.
Softtek en Mexico,,,,,,cons,En ocasiones la carga de trabajo no te permite desarrollarte en otras áreas de interés.
Softtek en Mexico,,,,,,pros,"Uso de nuevas tecnologías y constante crecimiento
Muy bueno como primer trabajo"
Softtek en Mexico,,,,,,cons,Sueldo relativamente bajo aunque buenas oportunidades de aprendizaje dentro de la empresa
Softtek en Mexico,,,,,,pros,Seguro médico de gastos mayores
Softtek en Mexico,,,,,,cons,Explotación laboral y baja paga
Softtek en Mexico,,,,,,pros,"Salario
Home Office
Clientes internacionales"
Softtek en Mexico,,,,,,cons,Poco crecimiento a corto plazo
Softtek en Mexico,,,,,,pros,"Prestaciones
 superiores a las de ley, 25 días de aguinaldo, vales de despensa, 
viajes a softtekiada pagados por la empresa (cancún, ixtapa, puerto 
vallarta) es un evento deportivo de la empresa llevado a cabo en la 
playa, si ganas tu lugar te pagan el hospedaje todo incluido, solo pagas
 el traslado, entrenamientos gratuitos, excelente ambiente laboral, 
trabajo híbrido, seguros de gastos médicos mayores y menores, webinars 
de nutrición, finanzas, ejercicio, chequeos médicos anuales gratuitos"
Softtek en Mexico,,,,,,cons,"2
 días obligatorios de asistencia a la oficina, utilidades nulas o 
escasas (150 pesos MXN), depende mucho el líder que te toque la 
experiencia que tendrás, es muy complicado que te autoricen aumentos de 
sueldos, en algunos casos te dan de alta con menos salario en el IMSS."
Softtek en Mexico,,,,,,pros,Buena empresa en muchos sentidos
Softtek en Mexico,,,,,,cons,"Mal reparto de utilidades, es muy poco"
Softtek en Mexico,,,,,,pros,Te capacitan para el puesto
Softtek en Mexico,,,,,,cons,"Mal pagado(muy por abajo del promedio)
Falsos aumentos(prometen y no cumplen)
Contacto con los managers complicado"
Softtek en Mexico,,,,,,pros,"Buen ambiente laboral, sueldo competitivo, respetan horarios."
Softtek en Mexico,,,,,,cons,Tienes que estar pidiendo aumentos
Softtek en Mexico,,,,,,pros,"Buenas prestaciones
Eventos
Buen sueldo"
Softtek en Mexico,,,,,,cons,"Depende del proyecto puedes trabajar horas extras excesivas
Dificultad de tener un ajuste de sueldo segun tu puesto una vez dentro de la empresa"
Softtek en Mexico,,,,,,pros,excelente empresa se preocupan por los empleados y puedes tener un equilibrio entre la vida laboral y personal.
Softtek en Mexico,,,,,,cons,los ascensos y no hay mucho crecimiento
Tata Consultancy Services,,,,,,pros,Cuidan que se tenga continuidad entre proyecto (cuando se termina) y proyecto
Tata Consultancy Services,,,,,,cons,El paquete de prestaciones son los mínimos de ley
Tata Consultancy Services,,,,,,pros,La seguridad de que no te correrán del trabajo.
Tata Consultancy Services,,,,,,cons,"Los aumentos salariales son muy bajos y no casa año, las utilidades son muy bajas."
Tata Consultancy Services,,,,,,pros,Tienes acesso a diferentes proyectos
Tata Consultancy Services,,,,,,cons,Prefieren contratar Jr y correr a los Sr.
Tata Consultancy Services,,,,,,pros,"Formaciones continuas
Flexibilidad laboral
Buena comunicacion
Reconocimientos
Descuentos en varias tiendas con beneficios"
Tata Consultancy Services,,,,,,cons,Sueldo algo bajo si no lo cuadras al comienzo
Tata Consultancy Services,,,,,,pros,"No hay presiones
Trabajas con el cliente
Entrega equipos
Beneficios 
Descuentos
Udemy
LinkedIn learning"
Tata Consultancy Services,,,,,,cons,"No sentido de pertenencia
No aumento salarial durante el año
No hay ascenso de puesto realista"
Tata Consultancy Services,,,,,,pros,las prestaciones son las de ley
Tata Consultancy Services,,,,,,cons,los horarios varian demasiado de un dia a otro
Tata Consultancy Services,,,,,,pros,"Good Environment, Good Work Culture"
Tata Consultancy Services,,,,,,cons,Nothing everything is perfect at Tata
Tata Consultancy Services,,,,,,pros,"Tienen un poco de desorden, pero siempre pagan"
Tata Consultancy Services,,,,,,cons,Es imposible contactarlos a veces
Tata Consultancy Services,,,,,,pros,"-salario arriba del promedio
-aguinaldo 30 dias"
Tata Consultancy Services,,,,,,cons,"-no hay crecimiento
-elitismo con indios"
Tata Consultancy Services,,,,,,pros,"Prestaciones estables, 30 días de aguinaldo"
Tata Consultancy Services,,,,,,cons,Mucho trabajo y poca paga
Tata Consultancy Services,,,,,,pros,Trabajo remoto y buen proyecto
Tata Consultancy Services,,,,,,cons,Trabajar en fin de semana
Tata Consultancy Services,,,,,,pros,Es 100% remoto si vives lejos de las oficinas
Tata Consultancy Services,,,,,,cons,"Olvídate
 de incrementos salariales, el último año obtuve B en mi evaluación 
anual y mi aumento salarial fué del 0.9% (Un insulto)"
Tata Consultancy Services,,,,,,pros,"El equipo de trabajo es eficiente.
Pagan a tiempo regularmente"
Tata Consultancy Services,,,,,,cons,"No cumplen con lo que prometen
El equipo administrativo es horriblemente incomp3t3nt3
No tienen una buena estructura ni comunicación para resolver problemas"
Tata Consultancy Services,,,,,,pros,Si te vendes bien pagan bien
Tata Consultancy Services,,,,,,cons,"Una
 ves dentro ya no subes y toda el area de RH,RMG te tratan con el pie, 
cuando inicio en Mexico la administracon de proyectos estaba en manos de
 Mexicanos y crecio pero al dia de hoy los la gente de la India no 
cuenta con gente capacitada e la gestion de proyectos y aumentenle que 
no hablan una pisca de español y el cliente se da cuenta al dia de hoy 
de que es la consultora mas cara y la que menos soluciones le da"
Tata Consultancy Services,,,,,,pros,"Prestaciones superiores
Buen salario inicial
Trabajo remoto (depende el proyecto) 
Flexibilidad si quedas sin proyecto sigues recibiendo pago en lo que sale algo mas"
Tata Consultancy Services,,,,,,cons,"No
 hay claridad con el tema de los aumentos de salario, a veces subes bien
 y otras no… dependiendo de tu evaluación anual y que tan bien le caigas
 a tu manager
Falta de gestión en los proyectos"
Tata Consultancy Services,,,,,,pros,"La
 ventaja es q ellos tratarán de asignarte a proyectos y mientras 
encuentras alguno estarás en Pool y te seguirán pagando.Puedes entrar 
con sueldo muy bueno."
Tata Consultancy Services,,,,,,cons,"Los
 aumentos de sueldo son mínimos, depende el proyecto de que toque te 
puede ir muy bien o no tan bien respecto respecto al management de tcs"
Tata Consultancy Services,,,,,,pros,ambiente laboral y muchos proyectos
Tata Consultancy Services,,,,,,cons,"sueldos bajos
burocracia
beneficios casi nulos"
Tata Consultancy Services,,,,,,pros,"facil de realizar, depende del proyecto"
Tata Consultancy Services,,,,,,cons,no te suben de salario
Tata Consultancy Services,,,,,,pros,"Te dejan aprender mucho, ya que no tienes consecuencias graves si te equivocas, ideal para empezar"
Tata Consultancy Services,,,,,,cons,"No respetan tus tiempos, te llaman en horario fuera de lo laboral"
Tata Consultancy Services,,,,,,pros,"- Buen salario.
- Prestaciones buenas"
Tata Consultancy Services,,,,,,cons,"-
Malisima gestion cuando entras a Banca, te obligan a ir presencialmente a
 realizar cursos cuando podrias hacerlos en casa y recibir entrevistas 
desde casa.
- Mala gestion para entregarte todo en un solo dia (onboarding, tarjeta 
de vales, tu laptop o equipo que utilizaras, tu badge... etc)
- dificil de subir de puesto o de subir de sueldo.
- dificil entendimiento de sus plataformas
- HR dan un trato de muy mala manera."
Tata Consultancy Services,,,,,,pros,Home office dependiendo del manager
Tata Consultancy Services,,,,,,cons,Dificil subir salario mas del 5%
Tata Consultancy Services,,,,,,pros,"Excelente lugar para trabajar, muy organizados y global"
Tata Consultancy Services,,,,,,cons,"Sin comentarios al respecto, es una buena empresa"
Tata Consultancy Services,,,,,,pros,"If its your first job, it good to improve the English."
Tata Consultancy Services,,,,,,cons,To get a good project a matter of luck.
Tata Consultancy Services,,,,,,pros,Buen ambiente buenos compañeros y proyectos
Tata Consultancy Services,,,,,,cons,Diferencias de zonas horarias micromanaging
Tata Consultancy Services,,,,,,pros,capacitan a los nuevos para empezar
Tata Consultancy Services,,,,,,cons,pagan muy poco la verdad
Google,,,,,,pros,Compensation is high which is good
Google,,,,,,cons,All good nothing is wrong
Google,,,,,,pros,"Cafe and coffee, good work life balance"
Google,,,,,,cons,"Losing its original engineering excellence gene, becoming more mediocre and top down"
Google,,,,,,pros,It is very reliable and fast
Google,,,,,,cons,Currently can't think of any cons
Google,,,,,,pros,"Family atmosphere, cares about employees"
Google,,,,,,cons,More time for some tasks
Google,,,,,,pros,"Technology,
 teams, pace, and variety. A high volume, velocity, and quality 
environment that is great for driven high performers.Leadership is 
heavily investing in AI and infrastructure with a clear plan; but some 
execution of AI adoption is disjunct"
Google,,,,,,cons,"Company
 has taken a ""death by a thousand cuts"" to their workforce with constant
 rolling RIFs undermining any sense of security the job USED to offer. 
The pace is punishing and work life balance is no longer feasible"
Google,,,,,,pros,healthy work environment and great benefits
Google,,,,,,cons,Interesting work but demanding .
Google,,,,,,pros,remote and flexible times of meetings.
Google,,,,,,cons,sometimes there are too many tasks given to one person
Google,,,,,,pros,"wfh, 3 days a week"
Google,,,,,,cons,"not much con, great working team"
Google,,,,,,pros,"Good perks, good food, amenities, aesthetic"
Google,,,,,,cons,Large company and everything that comes with it
Google,,,,,,pros,Excellent tools and code infrastructure
Google,,,,,,cons,"Horrible technical debt
Disconnected management"
Google,,,,,,pros,"Google has a good work culture, amazing technology and even better teams."
Google,,,,,,cons,Wish they had a better strategic planning for new product and services
Google,,,,,,pros,I enjoy working here in Google
Google,,,,,,cons,I don't see anything bad for now.
Google,,,,,,pros,Very good infrastructure for growth
Google,,,,,,cons,"Not really, all is good"
Google,,,,,,pros,"Extra income
Flexible work
New experience
Free product 
Work from home"
Google,,,,,,cons,"Limited money
Work unsarten
Quality maintenance
Time west 
Scammer risk"
Google,,,,,,pros,"Salary, perks, offices, travel, dog friendly"
Google,,,,,,cons,Slowly losing the magic it once had
Google,,,,,,pros,Half of the people are very talented and hard working.
Google,,,,,,cons,The other half are total freeloaders.
Google,,,,,,pros,Great work/life balance and perks.
Google,,,,,,cons,Big company bureaucracy can be slow and annoying.
Google,,,,,,pros,it was cool to work at google
Google,,,,,,cons,i dont think there are cons
Google,,,,,,pros,Nice place to have worked
Google,,,,,,cons,I di not have any cons
Google,,,,,,pros,Competent and kind people. I was lucky to have respectable managers.
Google,,,,,,cons,"They say everything -- the culture, the benefits -- is declining, but even so it wasn't so bad."
Google,,,,,,pros,"Great work space
Great people"
Google,,,,,,cons,"N/A
Liked my experience overall"
Google,,,,,,pros,They pay well and have good leadership
Google,,,,,,cons,They yell at you a lot
Google,,,,,,pros,"Loved
 working there, but like all things it depends on the team.  Over the 
last year, they have began firing for perfomrance, which was needed. If 
you don't have to sell your equity, it's an incredible savings vehicle. 
Positioned to win the AI wars, which will only drive up value of stock."
Google,,,,,,cons,Promos are slow and trajectory is capped after L5.
Google,,,,,,pros,"Free food, Gym, great benefits and flexibility"
Google,,,,,,cons,Pace can be hectic at times. Be prepared for constant change.
Google,,,,,,pros,IT enginer in the field of
Google,,,,,,cons,too much pressure from middle
Intel Corporation,,,,,,pros,"advanced tech, smart peers, good pay"
Intel Corporation,,,,,,cons,"can get pretty boring sometimes, long hours"
Intel Corporation,,,,,,pros,Able to learn alot at the company
Intel Corporation,,,,,,cons,It’s hard to get a higher grade even when you’re doing higher-grade work
Intel Corporation,,,,,,pros,"Work life balance, pay, learning growth opportunities, perks"
Intel Corporation,,,,,,cons,4 days a week work from office
Intel Corporation,,,,,,pros,"Work was good 
Seniors colleagues were supportive
Decent pay
Innovation is always encouraged"
Intel Corporation,,,,,,cons,"Even after working so hard , you won't get PPO , atleast in my case."
Intel Corporation,,,,,,pros,"Lots of opportunity, great place to start your career and grow"
Intel Corporation,,,,,,cons,"Low pay, Excessive bureaucracy, No employee loyalty."
Intel Corporation,,,,,,pros,"Good learning , good team , good stuff"
Intel Corporation,,,,,,cons,i dont really have cons
Intel Corporation,,,,,,pros,you can work remote from another city in ireland
Intel Corporation,,,,,,cons,"CEO and top management, HR and work/life balance"
Intel Corporation,,,,,,pros,"It's a great place to be, and you can definitely learn a lot from the people who work there."
Intel Corporation,,,,,,cons,Sometimes your work goes unnoticed when you need it the most.
Intel Corporation,,,,,,pros,"Lots of floating holiday and Sick time.
Lots of diverse people."
Intel Corporation,,,,,,cons,"Layoffs been happening for the past 2 years and it's still going throughout this year.
No room to grow or move up positions unless someone from your team leaves the department or transfers.
Went through 3 managers within 4 years.
People will not communicate with you and instead will play telephone, so then you'll hear it from someone else."
Intel Corporation,,,,,,pros,"salary. social benefits , food ,"
Intel Corporation,,,,,,cons,my manger need little bit getting improve in commination
Intel Corporation,,,,,,pros,"People are nice, generally speaking."
Intel Corporation,,,,,,cons,A lot of perks are lost after recent layoffs. You have to pay for coffee.
Intel Corporation,,2.0,,,,pros,CPU focused industry leader and it's investing on IDM2.0(IFS) for many years and now it's recovering.
Intel Corporation,,2.0,,,,cons,"Too
 many managers who are not hands on the project but reporting 
management.  that's coming from too many variance of CPU for OEMs, ODMs.
 Team need to stand up and integrate in one source."
Intel Corporation,,,,,,pros,Compensation and benefits were good.
Intel Corporation,,,,,,cons,"High stress, multiple rounds of layoffs leading to uncertainty"
Intel Corporation,,,,,,pros,Good work life balance and techbologies
Intel Corporation,,,,,,cons,"Too many parallel teams around the world.
Design teams in US"
Intel Corporation,,,,,,pros,"good perks and benefits, flexible environment, understanding Managers and leads, good pay"
Intel Corporation,,,,,,cons,"Learning is less compared to other companies, as there are many people for a single work, less dependency on a single individual"
Intel Corporation,,,,,,pros,Good technical people. Nice work enviornment
Intel Corporation,,,,,,cons,Slow promotions. Less stocks and other benefits
Intel Corporation,,,,,,pros,Good work life balance and flexible hours for students.
Intel Corporation,,,,,,cons,Career growth can be slow in some specific departments.
Intel Corporation,,,,,,pros,"Good place to work in, a strong system, reliable company"
Intel Corporation,,,,,,cons,"A more innovative strategy is important for the company in order to succeed in the next years, and I'm not sure it's there"
Intel Corporation,,,,,,pros,"Work Life Balance,  matches mid tier company salaries"
Intel Corporation,,,,,,cons,"Less growth opportunities, less promotions, too fragile"
Intel Corporation,,,,,,pros,"Salary ( fixed + variable + quarterly+ rsu ) 
Wlb
Culture
Medical policy is better and covers a lot of things"
Intel Corporation,,,,,,cons,"Quality of work
4 days a week office"
Intel Corporation,,,,,,pros,great pay and generous benefits.
Intel Corporation,,,,,,cons,"cut throat politics, lots of projects cancelled at last minute"
Intel Corporation,,,,,,pros,Great work life balance and good health benefits
Intel Corporation,,,,,,cons,Salary range in common with market
Intel Corporation,,,,,,pros,Data-driven decisions (at least in the past).  Strong corporate desire to succeed.
Intel Corporation,,,,,,cons,Not adapting to the new data-first world.  Taking too long to fully embrace AI.
Intel Corporation,,,,,,pros,"Good work-life balance, supportive team, flexible schedule, interesting projects, stable environment"
Intel Corporation,,,,,,cons,"Growth can be slow, some processes are inefficient, limited visibility across teams"
Intel Corporation,,,,,,pros,"-
 Continuous Learning: I have stayed for over 20 years because the 
opportunities for professional growth and skill development are truly 
extensive.
- ​Global Mobility: There are consistent opportunities for US based 
relocation assignments and international business trips to support 
global projects.
- ​Site Expansion: The design center in Malaysia has grown 
significantly, providing a robust and large scale environment for 
engineers.
​- Benefits: While total compensation may not lead the market, the 
benefits package, especially for long term employees is not too bad, and
 includes car and petrol allowances.
​- Equity Upside: RSUs provide a strong incentive, particularly with the
 current potential for stock growth.
- ​Structured Processes: The development methodology is highly 
disciplined, ensuring a high standard of engineering quality."
Intel Corporation,,,,,,cons,"-
 Internal Site Politics: Especially in the earlier years, site politics 
were a major issue. This was not a good environment and contributed to 
many internal inefficiencies.
- ​Leadership and Management Churn: Each change in senior management 
(especially in the C-Suite) tends to reset many initiatives, which can 
stall progress and undo previous strategic momentum.
- ​Lack of Strategic Persistence: The company has entered pivotal 
sectors such as mobile SoCs, automotive, IoT and external GPU, but often
 gave up on these efforts too early.
​- Slow Adoption: Caution regarding intellectual property leaks has 
resulted in a slow adoption of GenAI, which would have boosted 
productivity on several fronts.
- ​Favoritism and Meritocracy: There is a limited extent of favoritism 
present. Additionally, the drive for equality occasionally impacts 
meritocracy, where promotions and increments may bypass merit based 
performance to meet specific statistical targets.
​- Methodical Rigidity: Being highly methodical is a double-edged sword;
 while it ensures quality, it can also make the organization feel rigid 
and slow to react to market changes."
Meta,,,,,,pros,High Pay and very good benefits
Meta,,,,,,cons,"Work Life Balance worse compared to other FAANG, High Competitive"
Meta,,,,,,pros,"Great benefits, free food, intelligent colleagues"
Meta,,,,,,cons,Work life balance pretty bad
Meta,,,,,,pros,good environment; flexible working hours
Meta,,,,,,cons,big pressue; OT often; tired
Meta,,,,,,pros,"Good pay and benefits, interesting work"
Meta,,,,,,cons,"Lots of thrash and poor direction, poor WLB"
Meta,,,,,,pros,"* Great people, average person is very kind, helpful, low ego"
Meta,,,,,,cons,"* Leadership is clueless, chaos reigns supreme"
Meta,,,,,,pros,"- Products have good reach across the world
- Smart people"
Meta,,,,,,cons,"- Layoffs
- Upper management seems clueless at times"
Meta,,,,,,pros,Good  pay and benefits .
Meta,,,,,,cons,Can't reveal cause of legal issues
Meta,,,,,,pros,"Great paycheck, fanstastic coworkers, great management"
Meta,,,,,,cons,No cons currently in my mind
Meta,,,,,,pros,"great place to work, nothing bad so far"
Meta,,,,,,cons,"none as of now, will monitor"
Meta,,,,,,pros,"Compensation, interesting and challenging projects"
Meta,,,,,,cons,"No
 leadership vision, constant threat of layoffs, poor management, little 
opportunity to actually speak for the user and push for changes"
Meta,,,,,,pros,pays well compensation and smart team member
Meta,,,,,,cons,"high stress, bad work life balance"
Meta,,,,,,pros,Good pay and free food
Meta,,,,,,cons,"Very competitive, bad work life balance"
Meta,,,,,,pros,"Decent pay and benefits, great colleagues"
Meta,,,,,,cons,Stability and growth are questionable
Meta,,,,,,pros,Good pay and benefits are cool
Meta,,,,,,cons,Not much to be honest
Meta,,,,,,pros,"Comp,
 benefits and perks are great. People are generally competent, and you 
have access to latest tech, tools, including all the AI you can use."
Meta,,,,,,cons,"Never
 ending layoffs, frequent reorgs and lack of clear strategy. Lately lots
 of competition and back stabbing behavior are being encouraged, which 
creates toxic ‘culture’."
Meta,,,,,,pros,interesting working content good WLB good food smart people around
Meta,,,,,,cons,always afraid of being laid off 😭
Meta,,,,,,pros,Interesting counseling work with interesting clients.
Meta,,,,,,cons,Pretty toxic place currently with the AI chase.
Meta,,,,,,pros,Many interesting partnerships and initiatives
Meta,,,,,,cons,Company going thorugh constant org changes
Meta,,,,,,pros,Pay is good. Benefit is good.
Meta,,,,,,cons,The company is aggressive in its culture. Moves too quickly with no employee mental health in mind.
Meta,,,,,,pros,You still get a well pay
Meta,,,,,,cons,Pay will end soon with end of RSUs granted in 2023
Meta,,,,,,pros,"very detailed, good hiring team"
Meta,,,,,,cons,just the samples are not present
Meta,,,,,,pros,"Good food, 401k plan, decent compensation plan"
Meta,,,,,,cons,"Leadership direction was messy, no accountability from leadership"
Meta,,,,,,pros,"-salary
-no one is in office so you can come and go"
Meta,,,,,,cons,"-rough performance expectations (graded on a curve)
-sit in office alone (teams are spread out everywhere)
-no room to grow unless you're top 10% working 60 hour weekes"
Meta,,,,,,pros,"Benefits, people, flexibility, compensation, ERGs"
Meta,,,,,,cons,Pro & con to have performance reviews twice a year
Meta,,,,,,pros,"Great
 pay, benefits, structure, products, working with smart people, global 
opportunities, good work-life balance if you have a good manager"
Meta,,,,,,cons,"Promotions
 are almost impossible these days, care for employees is decreasing by 
the day, morale is increasingly low - but still, it's better than a lot 
of places"
Salesforce,,,,,,pros,Decent pay all things considered
Salesforce,,,,,,cons,"Tiny territories with unattainable quota, software slowdown"
Salesforce,,,,,,pros,"Amazing leadership and teammates 
Very collaborative 
Freedom to sell in a way that best suites you"
Salesforce,,,,,,cons,"Smaller territories 
Shifting pay structures"
Salesforce,,,,,,pros,Work life balance is good
Salesforce,,,,,,cons,Removing benefits each year and becoming more of Service based company
Salesforce,,,,,,pros,"Equality
Salary & Perks
Free foods
Strong PR & Marketing"
Salesforce,,,,,,cons,"Poor Management
No long term vision
Legacy/outdated system
Hire & Fire"
Salesforce,,,,,,pros,"Great WLB
Good growth and compensation"
Salesforce,,,,,,cons,"Not much room for learning new things.
Confused VPs"
Salesforce,,,,,,pros,"Good talent
Good benefits 
Great office"
Salesforce,,,,,,cons,"Lot of bureaucracy 
Long hours 
Q4 can be challenging
Lost a bit of the reputation from staff as a result of layoffs"
Salesforce,,,,,,pros,Good working environment at Salesforce
Salesforce,,,,,,cons,Reduced the base salary this year
Salesforce,,,,,,pros,"Base Pay
Benefits
Office Location/Amenities"
Salesforce,,,,,,cons,"Book of Accounts
Constantly changing daily expectations"
Salesforce,,,,,,pros,It's SaaS support. Benefts are supposedly competitive.
Salesforce,,,,,,cons,"Support
 is being aggressively moved overseas whilebeing asked to do more, with 
less, take on wider topics without training or documentation, while 
shifting to become a call center, all with shifting metrics and pushing 
A.I. into everywhere."
Salesforce,,,,,,pros,The company offers competitive compensation and decent salary raises for high performing employees.  Benefits are excellent.
Salesforce,,,,,,cons,"Even
 though I was consistently highly rated by my managers, a lot of my time
 went towards defending myself on projects. Salesforce project 
management staff were more concerned about keeping the client happy by 
not disclosing serious risks and issues than reporting reality. When 
things eventually went south, the blaming game started. The bigger issue
 though is that Salesforce is failing to transition to the AI era and 
start offering competitive AI products. Agentforce is lipstick on the 
CRM pig.  native AI firms are eating Salesforce's lunch and they may not
 survive this painful transition."
Salesforce,,,,,,pros,great on your resume and for networking
Salesforce,,,,,,cons,Micromanagement and nonsensical red tape
Salesforce,,,,,,pros,A lot of potential to succeed
Salesforce,,,,,,cons,Large company with lots of red tape
Salesforce,,,,,,pros,"- Internal growth opportunities
- Trustworthy and talented people around you"
Salesforce,,,,,,cons,- High expectations in performance and individual contribution to find your way
Salesforce,,,,,,pros,"good pay, perks and bonus"
Salesforce,,,,,,cons,Nothing coming to mind now
Salesforce,,,,,,pros,"There
 is no other company that shares equal value on the three way success 
relationship between its customers, its staff and its own success.  I've
 had so much opportunity to excel, be creative and build successful 
relationships across Salesforce, partners and customers.  The rewards 
for all of this are superb."
Salesforce,,,,,,cons,"It's hard work and there's never an easy day but frankly, that's what makes it all the more worthwhile."
Salesforce,,,,,,pros,"Pay, culture, products all stellar. Customers love it"
Salesforce,,,,,,cons,No an LLM company but has great AI solutions
Salesforce,,,,,,pros,"- Decent pay
- Great place to network
- Serious career mobility"
Salesforce,,,,,,cons,"- Didn't feel like I was adequately prepared on day. could have benefited with way more guidance
- I think the CEO is callous and I don't like his politics."
Salesforce,,,,,,pros,"Great culture, enablement & support"
Salesforce,,,,,,cons,more spaces in the office to collaborate and socialise
Salesforce,,,,,,pros,"Good culture, benefits, health insurance"
Salesforce,,,,,,cons,"Territory, Timing, Talent - Territory matters"
Salesforce,,,,,,pros,can make a lot of money
Salesforce,,,,,,cons,the metrics are not alligned with actual job at all
Salesforce,,,,,,pros,Very developer focused and lot of perks from company.
Salesforce,,,,,,cons,Sometimes too dependent on senior management
Salesforce,,,,,,pros,Benefits and pay were great.
Salesforce,,,,,,cons,"Too
 many to name after Jim Roth took over customer support. Ever changing, 
chaotic and poorly thought out and hastily rolled out changes without 
any real vision. Every day something else got added to your workload as 
they indiscriminately laid off staff left and right and relied on AI or 
maximizing profits for their investors. Cutthroat mentality and core 
values of the CEO and company as a whole went down the gutter."
Salesforce,,,,,,pros,"Decent Payment, good benefits, ok culture"
Salesforce,,,,,,cons,"""High performance culture"" push continues to make SF not the best place to work or your grow your career"
Salesforce,,,,,,pros,"great culture, benefits and career progression"
Salesforce,,,,,,cons,"no parking, no lunch, and office days (4 days for most teams)"
Salesforce,,,,,,pros,Salesforce has great benefits and nice internal resources
Salesforce,,,,,,cons,Commission structure is hard to understand - you never know what you commission check will look like
Uber,,,,,,pros,Job autonomy is pretty cool
Uber,,,,,,cons,The dining hall is kinda mid
Uber,,,,,,pros,"Its alright, pays and benefits are good"
Uber,,,,,,cons,Role does not exist anymore - LOB is closed
Uber,,,,,,pros,Remote work. Career advancement. Leadership.
Uber,,,,,,cons,Worked as an EAM for Uber’s DaaS program. Long hours and constant bugs.
Uber,,,,,,pros,"Energizing
 culture here, everyone is so boots on the ground, scrappy, committed to
 getting work done. A lot of passionate leaders. You can only be so 
enthusiastic about driving yet somehow we get it done. Top of the market
 compensation. Decent office amenities and high quality on-campus 
dining. No huge layoffs, the company operates efficiently. Every now and
 then you get a questionable hiring decision, but they hire fast and 
fire fast."
Uber,,,,,,cons,"Insurance
 for a family is uber expensive, no dinner, no to-go boxes. Lots of 
restrictions on bringing your dog to the office. Extremely crowded on 
anchor days with a disorganized parking system. Not as many amenities as
 other big tech/FAANG. EV charging is ridiculously scarce. Not as much 
investment in having fun or building genuine connections at work."
Uber,,,,,,pros,Choose your own time and day
Uber,,,,,,cons,"Low rates per trip, getting lower daily, fuel price increase"
Uber,,,,,,pros,"Good Culture
Well Paid 
Good Hours"
Uber,,,,,,cons,Unorganized at times. But company isn't.
Uber,,,,,,pros,"good work culture , ethics and team"
Uber,,,,,,cons,"Slow career growth, after a point there is nothing new to learn"
Uber,,,,,,pros,Work life balance is there and good perks
Uber,,,,,,cons,Got laid off within 3 months of hiring
Uber,,,,,,pros,Flexibility to work when you want is it.
Uber,,,,,,cons,"Rates have dropped, commissions are ridiculous, so working way more than we needed to."
Uber,,,,,,pros,"Uber Perks(In app benefits)
Short/Long Term Assignments for Internal Teams
Really Amazing People"
Uber,,,,,,cons,"Work feels repetitive
Not much growth in one role"
Uber,,,,,,pros,"Uber definitely cares about their people, and I don't mind going to the office with all the provided perks."
Uber,,,,,,cons,The same job somewhere else might be willing to pay more.
Uber,,,,,,pros,"good benefits, pretty flexible work life balance"
Uber,,,,,,cons,big AI push and priorities shift rapidly
Uber,,,,,,pros,"Growth opportunities, open to new ideas and projects, many benefits compare to other companies"
Uber,,,,,,cons,Unfair compensation between roles. Need to become friend of the Heads in order to not get fired
Uber,,,,,,pros,"Growth mindset, fast growing, personal growth, learning process, constant innovation"
Uber,,,,,,cons,"High rotation, aggressive targets, LT changes"
Uber,,,,,,pros,"Great benefits 
nice people
interesting problems"
Uber,,,,,,cons,"political 
no work life balance 
Not great leadership"
Uber,,,,,,pros,"Pay is pretty good
Technology is great"
Uber,,,,,,cons,"Team dependent, but in my experience most people work 11+ hours a day"
Uber,,,,,,pros,Uber wallet perks every month
Uber,,,,,,cons,"Lot of politics, biased performance review system, no growth"
Uber,,,,,,pros,Flexible times and sometimes good rewards
Uber,,,,,,cons,Sometimes long waiting times for orders. Petrol is too expensive now and money doesnt keep up.
Uber,,,,,,pros,"1. mature tech foundation
2. talented peers
3. easy to resonate with products since we are the users"
Uber,,,,,,cons,"1. getting more and more politics
2. some rigorous perf cycle, pip"
Uber,,,,,,pros,Fast paced and lot of learning
Uber,,,,,,cons,org changes and PIP culture
Uber,,,,,,pros,"Flexible
 schedule and independence. Opportunities to meet people from different 
backgrounds. Easy to start and mange your own time."
Uber,,,,,,cons,Income can be inconsistent. Long hours and traffic can be tiring. No strong job stability or benefits.
Uber,,,,,,pros,"Good culture, great problem space, learning environment, allows people to grow fast."
Uber,,,,,,cons,Processes and org structure can slow down progress and outcome not as expected.
Uber,,,,,,pros,"Benefits, pay, unlimited time off, stock options"
Uber,,,,,,cons,"Culture
 was rather good but started to take a nose dive. Forced back into 
office 3x a week under the guise of “productivity” but not enough office
 space for employees (and many just trying to take video calls 
somewhere). Moved sabbatical out to after 8yrs from 5 without 
grandfathering in current tenured employees.
Constant hustle culture but not enough support for it, easy to burnout 
and lack work/life balance."
Uber,,,,,,pros,"Good tech
Smart people
Big company"
Uber,,,,,,cons,"Politics
Ethnocentric groups
BS perf evaluation"
Uber,,,,,,pros,You receive a monthly stipend to use Uber
Uber,,,,,,cons,"If I could give it 0 stars I would. Horrible Leadership at the actual hub, No clear direction, or care for the drivers."
