company,review_title,pros,cons,rating,review_date,language
Airbnb,N/A,"Free food, work from home",Low pay and very little growth,N/A,N/A,English
Airbnb,N/A,"- Good learning opportunities and exposure to cross-functional teams
- Some managers and teams genuinely embody the company’s cultural principles and maintain transparent communication.
- Benefits and policies, including parental support, are well-designed on paper","There
 is a noticeable gap between the stated culture and actual employee 
experience in certain teams.

Leadership decisions can sometimes lack transparency and empathy, 
particularly during organizational changes.

- In my experience, communication during role changes or position 
closures was not handled with the level of care one would expect from a 
company that strongly emphasizes culture
- There are concerns around consistency in how employees across regions 
are treated and valued, which can impact morale
- The quality of people management varies significantly depending on the
 manager",N/A,N/A,English
Airbnb,N/A,"Remote, flexible work hours, kind team","Lots of bureaucracy and politics, need to manage up",N/A,N/A,English
Airbnb,N/A,"- Great folks with great skills
- Greater collaboration
- New challenges and exciting work
- Generous leave and insurance policy
- Lunch and Snacks
- Employee credits of upto 84,000 INR / year","- Matrix organizational structure
- No additional pay for additional work / overtime
- Low opportunities for growth
- Below market compensation",N/A,N/A,English
Airbnb,N/A,"Good WLB, pay is decent, culture is good",Not too much career growth,N/A,N/A,English
Airbnb,N/A,"Good culture, cool product, great CEO",Too much politics; things are moving pretty slowly,N/A,N/A,English
Airbnb,N/A,Option to work fully remote or from an office.,Teammates can be located in different locations making it hard to have in person meet up.,N/A,N/A,English
Airbnb,N/A,Good work life balance and nice people,Slow career progression and less interesting technical problems,N/A,N/A,English
Airbnb,N/A,"Aspirational culture
True belonging once you get down 2 or 3 layers from Brian","Aspirational values don’t truly show up day to day
Employee experience is broken",N/A,N/A,English
Airbnb,N/A,"・Travel, hospitality and tech – Ideal for anyone who loves travel, hospitality, 　community building, and tech innovation.
・Regular off‑site meetups – Opportunities to connect with colleagues 
　from different regions IRL.
・Iconic office design – Meeting rooms styled after real property listings 
　add a fun, brand‑aligned touch.
・Great food & drinks – A wide variety of tasty, nutritious food and 
　beverages are always available. They even have a dedicated food 
　department.","・Typical chaotic startup pace – Processes evolve on the fly, often 
    prioritizing speed and quantity over quality, which can dilute outcomes 
    and reduce impact.
・Indirect feedback process – Constructive criticism toward a colleague 
   was escalated as a formal complaint to my line manager, who accepted it 
   without hearing my perspective.
・Managerial handling of conflict – During a meeting, my line manager 
　lashed out at a colleague, avoided taking responsibility, and later reframed 
　the incident as a question of the colleague’s stress level.",N/A,N/A,English
Airbnb,N/A,"really good diverse, equati and inclusion ratings",i dont know what to write,N/A,N/A,English
Airbnb,N/A,"Fun environment, fast paced, smooth",Ehhh poor management and hard quota.,N/A,N/A,English
Airbnb,N/A,"Flexible work timings, Remote work,
Work is challenging and you can get good exposure to global operations","Can be a bit stressful at times, high performance culture in the company but the growth is also tremendous",N/A,N/A,English
Airbnb,N/A,"- WFH is a big plus
- Live & Work Anywhere program is another perk though ""anywhere"" is really a stretch 
- Decent pay and benefits though pay equality in Canada is lacking compared to same roles in the US
- Belo days","-
 Nothing premium about the role, it is a regular call center job
- Constant abusive, threatening and entitled users, agents are expected 
to absorb harassment without adequate company intervention.
- Exhausting work and stress due to high call volume and cases
- Little to no support from managers who are  largely inaccessible due 
to meetings, leading to a sink or swim environment.
- High-pressure QA audits demand flawless execution of ever-changing 
scripts and protocols, regardless of high call volumes or the difficulty
 of the customer.
- Working lots of unpaid overtime during busy peak period to keep up 
with work load. Either you stay late to clear your queue for free or 
face performance management if you work quality/scores drops.
- ""Schedule Adherence"" metrics are punitive You’re penalized if a call 
runs into your break, but penalized if you drop the call to take the 
break. It’s a lose-lose.",N/A,N/A,English
Airbnb,N/A,"Amazing benefits, smart and kind coworkers","There weren’t any cons honestly, very hard to complain about anything",N/A,N/A,English
Airbnb,N/A,"Nice culture, good product, pays well",Stock is not going up,N/A,N/A,English
Airbnb,N/A,"Offers a great work life balance, smart coworkers, good pay, remote","Can be top-down, slow, better for coasting than growth",N/A,N/A,English
Airbnb,N/A,Great company to work for,none at the exact moment,N/A,N/A,English
Airbnb,N/A,Best platform for hosting short and long term rentals,Guest often are confused reGARDING HOW TO CHECK IN,N/A,N/A,English
Airbnb,N/A,"Great flexibility and work life balance
Competitive compensation",A lot of product iteration makes it hard to make long term architectural plans and to secure resourcing.,N/A,N/A,English
Airbnb,N/A,Growing company - pioneered a unique concept,Growing company = Growing pains,N/A,N/A,English
Airbnb,N/A,"Some good benefits, like three months to work from anywhere, and permanent remotely work","Crazy workload 
Shifts work (only a weekend off per month)
There is a false sense of team, when you need, it's all by yourself 
Hard to get holidays
Rare chances of promotion or internal moving 
Micromanaging
Very lower salary compared to other techs",N/A,N/A,English
Airbnb,N/A,Strong global brand with impressive market presence,"Leadership culture can be highly political, especially at mid-to-senior levels

Decision-making is often influenced by internal alignments rather than performance or facts

Lack of transparent processes when it comes to conflict resolution and performance management

Employees can be subjected to sudden allegations without fair opportunity to defend themselves

HR support tends to align more with leadership narratives than neutral fact-finding

Psychological safety is inconsistent — speaking up can sometimes work against you",N/A,N/A,English
Airbnb,N/A,"As
 a Comms Manager, you are at the center of some of the most fascinating 
cultural and regulatory conversations in the tech world. No two days are
 the same. I experienced a clear path to promotion. If you are proactive
 and can navigate the matrix, leadership is generally supportive of 
upleveling high performers.","Because
 Airbnb operates in a sensitive regulatory and legal environment, 
getting a simple statement or press release approved often requires 
navigating multiple layers of Legal, Policy, and Executive stakeholders.",N/A,N/A,English
Airbnb,N/A,They are reasonable and easy to use app.,Slow answer times when help needed.,N/A,N/A,English
Apex Systems,N/A,"- Paga decente (en comparación a otros trabajos similares)
- Acceso a cursos de capacitación opcionales","-
 Cambio constante de carga laboral
- Presión con métricas cada vez más detalladas
- Cambios casi diarios de la metodología de trabajo
- Pocas oportunidades de crecimiento
- Baja flexibilidad de horario
- Monitoreo constante durante tu horario laboral, con la particularidad 
de tener que generar tu propio reporte diario que incluya todos tus 
breaks y demás actividades.

Lo que comenzó como un buen trabajo se convirtió lentamente en una 
experiencia cada vez más parecida a un call center tradicional. Fui 
despedido de manera injustificada como muchos en su momento, bajo la 
excusa de ponernos en Banca. Todavía no nos han querido pagar nuestra 
liquidación, incluso nos retuvieron el sueldo para que aceptáramos 
migajas por una rescisión de contrato. Para esta empresa, que tiene el 
supuesto eslogan de ''do the right thing'', el cliente es juez, jurado y
 verdugo de todos los empleados. Si todo sigue igual no dudo que pronto 
haya más demandas colectivas.",N/A,N/A,Spanish
Apex Systems,N/A,Muchos compañeros muy capaces y buenos en su trabajo,Es un teleperformance como cualquier otro. La oportunidad de crecimiento es nula.,N/A,N/A,Spanish
Apex Systems,N/A,"Sueldo decente
SGMM
Fun eventos
Snacks
Beer day
Comida gratis 1 vez x semana
Vacaciones desde primer año","-
Cambios de horario constantes 
-Se nota que quieren que sea un puesto de rotación(ahora solo te 
contratan por 3 meses, en horarios full time de 12 horas y te PAGAN 
MENOS) 
-No importa que cumplas en métricas de calidad, eficiencia y 
puntualidad, tampoco importa que no tengas ninguna ACTA, PIB, CAN RCA, 
se pueden inventar cualquier excusa para correrte. 
-Despidos colectivos frecuentes(te dicen que te mandan a la banca de la 
empresa y al día siguiente te corren) 
-Te sientes amenazado todo el tiempo con recibir cualquier tipo de 
amonestación administrativa porque el cliente es totalmente intolerante 
al más mínimo error. 
- Te obligan a firmar ""renuncia voluntaria"" para no darte NADA.
- Se hacen weyes para pagarte horas extra (literal la gente tuvo que 
alzar la voz porque a nadie se las pagaron y tuvo que salir el bufón de 
la empresa a dar la cara).",N/A,N/A,Spanish
Apex Systems,N/A,Buen salario y prestaciones. Nada extraordinario. .,"Si
 tuviste mala experiencia en un inicio con el cliente, para Apex lo es 
todo y no hay manera de reparar tu relacion por mucho que hagas.",N/A,N/A,Spanish
Apex Systems,N/A,"Pago de nomina a tiempo
Buen salario","Constante aumento gradual a la carga laboral
 Contratos ""temporales"" que terminan sin previo aviso",N/A,N/A,Spanish
Apex Systems,N/A,"Las prestaciones están buenas, cosas de ley, te dan el equivalente de tus vacaciones desde que entras","Comenzando
 por los TLs que son homofobicos, cero profesionales, se dirigen de 
forma despectiva a los demás y lo peor es que ya no lo esconden, todos 
los escuchamos hablar mal de otros, nunca se preocupan por su equipo, 
siempre dicen que no está en sus manos hacer nada, le ponen el pie a los
 mismos del equipo solo por envidia o porque no les caen bien, están 
aliados para hacerle la vida imposible a quien les caiga mal.
Apex deja que los clientes no cumplan las leyes del trabajo en México, 
te obligan a tomar de tus descansos para ir al baño y si no lo haces te 
cuestionan. Hay equipos donde el TL hace que los de su mismo equipo se 
hagan igual de despotas y hacen un círculo vicioso de mala cultura 
laboral.
Te cuestionan todo lo que haces y te exigen que pongas en un Excel que 
haces a cada hora del día, siempre te están amenazando con correrte, 
cero recomendado entrar.
Además siempre te están exponiendo con todos para generar una 
competencia, haciendo aún más tóxico todo, si hay algo por minúsculo y 
sin importancia que tengas que no les guste, los TLs te hacen menos y se
 encargan de que los demás lo vean",N/A,N/A,Spanish
Apex Systems,N/A,Excelente cultura laboral y ambiente,Salario no tan competitivo pero se compensa con mayor estabilidad,N/A,N/A,Spanish
Apex Systems,N/A,"empleo 100% remoto
sueldo y prestaciones competitivas","En
 cualquier seniority, debes de comprobar horas trabajadas para Apex  sin
 importar si tienes proyecto asignado o bandwith con cliente. Eso se 
considera para ser promovido  ademas de obtener certificaciones y 
justificar una jornada compleda con cliente; es abrumador.",N/A,N/A,Spanish
Apex Systems,N/A,El ambiente laboral tratan de hacerlo muy bueno con actividades para unir a los empleados,Se nota mucho el nepotismo y favoritismo en todas las áreas de la empresa. Aparte no tienen fondo de ahorro.,N/A,N/A,Spanish
Apex Systems,N/A,Tienen buenas prácticas de entrevistas y onboarding,Tu desarrollo está determinado por el cliente y manager que te asignen,N/A,N/A,Spanish
Apex Systems,N/A,"Trabajo 100% remoto, mucha convivencia remota para fomentar unión de equipo y compañerismo.",No hay muchas promociones de empleados fuera de Guadalajara,N/A,N/A,Spanish
Apex Systems,N/A,"Discipline
Good Performance
Complience
Team
Good Salary",During my time in apex I feel very good with all coworkers I don't have any negative comment,N/A,N/A,English
Apex Systems,N/A,"Sueldo bueno, excelentes prestaciones y ambiente laboral",Mi proyecto no tiene home office,N/A,N/A,Spanish
Apex Systems,N/A,"Prestaciones
Salario competitivo 
Trabajo remoto",No veo desventajas en la empresa,N/A,N/A,Spanish
Apex Systems,N/A,"Prestaciones, crecimiento, trabajo remoto y buenos clientes",Exigencias como consultor hacia la empresa de apex estando bookeado 100% con cliente,N/A,N/A,Spanish
Apex Systems,N/A,Está bueno el jale y paga bien,mucho tiempo y horarios que cambian,N/A,N/A,Spanish
Apex Systems,N/A,"hybrid working environment, good location",leadership lacking and lack of organizational culture,N/A,N/A,English
Apex Systems,N/A,"* Pagos a tiempo
* Bonos trimestrales
* Trabajo remoto
* Periodo de banca
* Buenos compañeros de trabajo","*
 Supervisores que no tienen el nivel
- - Como ejemplos:
- - - Los supervisores se la pasan hostigando para que uno saque 
certificaciones que ni ellos tienen. La verdad, no sé qué criterio toman
 para subir a las personas a nivel de consultores líderes (supervisores)
- - - Piden nivel de inglés que ni ellos tienen
- - - El que a mí me tocó pensaba que las diferentes herramientas de 
control de versiones distribuidas en el mercado eran lo mismo, y parecía
 redundante anotarlas
- - - Brilló por su nula capacidad de tracking de los meetings 1:1. 
Fueron pérdida de tiempo porque no anotaba ni daba seguimiento a lo que 
se platicaba
* Directores incompetentes
- - Uno de los directores pensó que quería dar helpdesk support después 
de mencionarle que quería un enfoque mas de automatización
* Proyectos horribles
- - Había que estar soportando un pseudoarquitecto del lado del cliente 
que ni sabía las bases de AWS, pero que quería estar involucrado hasta 
en las decisiones de desarrollo
* Cero flexibilidad
- - Al estar remoto, uno esperaría mayor flexibilidad, pero la mayoría 
de los clientes querían o preferían una especie de oficina remota con 
una jornada rígida
* Micromanagement disfrazado
- - Las juntas y algunos mensajes disfrazados de ""¿Cómo estás?"", solo 
eran para ver si uno estaba cerca del teclado o cuánto tiempo uno se 
tardaba en responder
- - Para el periodo de banca, había que estar de acuerdo con ciertas 
""métricas"" que ni eran parte del contrato original
* Criterios de performance absurdos
- - Ni cumpliendo con el 100% de los puntos establecidos te aseguraba 
una promoción
- - Pedían que uno la hiciera de ventas, nana del cliente, soporte de 
recursos humanos, entre otras . . . sin paga adicional
- - Muchas de las cosas que pedían, estando o no en proyecto, sumaban 
más horas de las que se suponía la jornada, pero mencionaban que no 
había pago de horas extra. Que eso era parte de dar el extra
* Disfuncionalidad corporativa de otro nivel
- - No había comunicación ni claridad acerca de los proyectos internos, 
todo a la mera hora se sabía (si acaso lo mencionaban)
- - Cero transparencia acerca de la toma de decisiones
- - Promesas nivel gobierno: ""Este año lo volveremos a evaluar...""
- - Mejor sacar acuerdo para golfito en lugar de proveer una silla 
ergonómica
* Estrés constante
- - Un par de conocidos se salieron por recomendación del médico de 
evitar estrés innecesario o atenerse a posibles complicaciones por 
exceso de estrés. A los supervisores ni les importa si te enfermas, solo
 quieren quedar bien con sus jefes y no molestar al cliente
* La frase de oro: ""Con el cliente si tu ganas, ya perdiste porque te 
van a evaluar de muy mala manera""

Del lado de Apex Systems USA no sé cómo sea el management, del lado de 
Apex Systems México fue una experiencia de tipo ""Empresa Mexicana Líder 
en su Ramo""",N/A,N/A,Spanish
Apex Systems,N/A,"Prestaciones superiors a la ley
Buen salario",No hay caja de ahorro,N/A,N/A,Spanish
Apex Systems,N/A,"La
 banca no es un lugar en el que peligre mi puesto como en otras 
empresas. Ofrecen buenos recursos de entrenamiento y fomentan el 
crecimiento de manera constante.",No se tiene la prestación de fondo de ahorro.,N/A,N/A,Spanish
Apex Systems,N/A,"-sueldo
-algunas prestaciones como bonos trimestrales","-oportunidades de crecimiento no tan buenas 
-mucha burocracia y secretismo en los proyectos
-falta de comunicación entre apex y los proyectos",N/A,N/A,Spanish
Apex Systems,N/A,"muchas oportunidades
Nunca te van a correr
oportunidades de transicionar
Buen salario
Buena gente
comprensivos
Buenos bonos cada Cuarto","Las actividades extras como cursos y/o cosas de tiempo libre,
Son obligatorias",N/A,N/A,Spanish
Apex Systems,N/A,Muy buena empresa para poder hacer carrera,"Sueltos no bajos, pero no son como lo esperaria",N/A,N/A,Spanish
Apex Systems,N/A,"Buenas prestaciones, buen ambiente laboral y cultura",No cuenta con caja de ahorro y los vales de despensa pudieran ser un poco más,N/A,N/A,Spanish
Apex Systems,N/A,"Capacitacion
algunos empleados son super amables","-
 La manera en que te despiden, a varias personas les han mandado 
abogados a sus casas sin aviso para despedirlo, sin importar si esta su 
familia o familiares enfermos. es una pesima practica que no explica lo 
de great place to work.
- Subir es super dificil tienes que hacer activiades internas y con 
clientes.
hace muy poco solia ser una muy buena empresa, pero en la actualidad 
debido a sus malas practicas esta dejando de ser un buen lugar",N/A,N/A,Spanish
Chubb,N/A,"Buen salario
Excelentes prestaciones muy superiores
Bonos
Buen ambiente laboral","Crecimiento
Capacitación
Procesos muy amplios",N/A,N/A,Spanish
Chubb,N/A,"Flexibles en horarios y vacaciones
Buen sueldo
Buenas Prestaciones
Híbrido o Remoto","Ambiente laboral malo
Exceso de cursos obligatorios
Cambios de management seguido
Desconexión entre RH y sus Equipos
Desconexión entre todos los equipos",N/A,N/A,Spanish
Chubb,N/A,"La
 ventaja es que al ser practicante y tener tiempo parcial se acomoda muy
 bien a tus estudios, además el formato híbrido es ideal como 
estudiante.",La organización y comunicación debería mejorar.,N/A,N/A,Spanish
Chubb,N/A,"Flexibilidad
Aprendizaje
Buen lugar
Crecimiento
Estabilidad","Burocracia
Ambiente corporativo
-
-
-",N/A,N/A,Spanish
Chubb,N/A,"Muy buen ambiente laboral, muy automatizado todo, definitivamente es un buen lugar para trabajar.","Ninguna, en realidad fue una muy buena experiencia y aprendes demasiado.",N/A,N/A,Spanish
Chubb,N/A,"prestaciones, ambiente laboral, mucho crecimiento profesional","algunos lideres con muy mala actitud, no ven por el empleado y te califican mal al cierre de año",N/A,N/A,Spanish
Chubb,N/A,Todo el ambito laboral era bueno,Ninguna que pude ver en mi tiempo alli,N/A,N/A,Spanish
Chubb,N/A,"Buen sueldo
Buenas prestaciones temporales
Sin presiones 
Mucho tiempo libre","Sub-contratado 
Sin beneficios reales 
Sin beneficios reales
Aguinaldo de 15 dias 
Equipo de computo anticuado 
Sin beneficios 
Favoritismo para obtener la base 
Si respaldo",N/A,N/A,Spanish
Chubb,N/A,"Prestaciones superiores
Home office
Instalaciones
Buen ambiente laboral","Salario
Sobrecarga laboral
Mala comunicación
Falta de crecimiento",N/A,N/A,Spanish
Chubb,N/A,"Early Friday, días libres, utilidades, flexibilidad horaria, modalidad hibrida","Pésima cultura, ambiente no tan amigable para gente nueva. Recursos Humanos no hace un buen trabajo.",N/A,N/A,Spanish
Chubb,N/A,Buenas prestaciones seguro y ambiente laboral,Depende del proyecto el nivel de exigencia,N/A,N/A,Spanish
Chubb,N/A,"Salario competitivo
Oportunidades de rotacion
Ambiente joven (en hub Madrid)","-Muy top-down

Es normal para empresas tan grandes",N/A,N/A,Spanish
Chubb,N/A,Buenos beneficios como los seguros,Mucha burocracia y procesos que son comolo,N/A,N/A,Spanish
Chubb,N/A,"Tienes oportunidad de crecimiento, proyectos y herramientas",Muchos procesos burocráticos para desarrollar,N/A,N/A,Spanish
Chubb,N/A,Prestaciones y sistema híbrido de trabajo,"El crecimiento es lento, ya que no hay mucha rotación",N/A,N/A,Spanish
Chubb,N/A,"prestaciones, medio tiempo, y buen ambiente",Dejaron de dar muchas prestaciones,N/A,N/A,Spanish
Chubb,N/A,"-Buen ambiente laboral, haces muchos amigos todos son muy profesionales
-prestaciones por encima de la competencia por ejemplo tienen plan de pension
-Hay apoyo por parte de los jefes directos ya que upper management si es muy exigente
-Instalaciones muy comodas","la
 carga de trabajo a veces puede ser muy pesada
entre juntas y deploys a veces las jornadas se extienden hasta tarde en 
la noche y esto complica poder ir a la oficina los 3 dias a la semana 
que requiere
-Te tienes que estacionar a 4 edificios de distancia",N/A,N/A,Spanish
Chubb,N/A,"Fondo de ahorro, horario flexible (híbrido), instalaciones buenas.",No es muy claro subir de jerarquía,N/A,N/A,Spanish
Chubb,N/A,"Medio tiempo, hibrido, cerca de escuelas, buena beca",Falta de desarrollo a los becarios,N/A,N/A,Spanish
Chubb,N/A,"Buenas prestaciones, seguro de gastos medicos menores y utilidades",Falta de conocimiento tecnico en muchas areas y lideres sin experiencia tecnica con tiempos insostenibles,N/A,N/A,Spanish
Chubb,N/A,Buenas prestaciones excelente ambiente laboral,No es full home office,N/A,N/A,Spanish
Chubb,N/A,"Prestaciones arriba de ley 
Días extras de vacaciones","Eventos muy básicos para los empleados, cada vez más complicado vender",N/A,N/A,Spanish
Chubb,N/A,"Buen
 clima de trabajo, son bastante flexibles a la hora de equilibrar vida 
personal y trabajo, dan reconocimiento por comienzo de ciclo lectivo y 
para fin de año,","los
 sistemas que usan son obsoletos, demasiado burocrático todo, lo que te 
impide avanzar con el trabajo, los sueldos son acorde a mercado, entras 
en categoria 2 de convenio de seguros y es muy dificil que te suban de 
categoría. Pocas posibilidades de crecimiento, el sueldo lo percibis el 
primer día habil del mes",N/A,N/A,Spanish
Chubb,N/A,"Facilidades, horario, ambiente, jefes, ubicacion","Cierre de mes, cargas de trabajo",N/A,N/A,Spanish
Chubb,N/A,que tu cv se va a ver bonito con el nombre chubb pero nada mas,"los
 equipos se manejan por dioses intocables sin importar como tratan a sus
 subordinados. si te quejas te corren. te cargan de trabajo sin medir y 
si no lo haces te corren. si no te cuadras con el dios (director) te 
corren. reajustan personal sin importar nada. a recursos humanos le 
importa un cacahuate el ambiente laboral",N/A,N/A,Spanish
IBM,N/A,"Empresa conservadora.
Ofrece crecimiento y desarrollo de plan de carrera.","Mayor exposure para vacantes en India.
Muchos puestos se estan moviendo a otros lugares .",N/A,N/A,Spanish
IBM,N/A,"Muy bien todo, excelente ambiente","Nada que decir, todo bien",N/A,N/A,Spanish
IBM,N/A,Ambiente laboral es muy bueno,Es muy empresarial y ya,N/A,N/A,Spanish
IBM,N/A,"Reto tecnológico según el proyecto donde estés
Equipo grande donde hay margen de aprendizaje","Presencialidad en oficinas
Horarios semi-rígidos",N/A,N/A,Spanish
IBM,N/A,Puedes tele trabajar en función del proyecto,"Te
 dicen que te forman pero la realidad es que te lanzan en proyectos sin 
saber nada y las promociones a banda 7 están paralizadas. Suben muy 
pocos",N/A,N/A,Spanish
IBM,N/A,"Muy buenas prestaciones, transporte de la empresa incluido, salario competitivo","muchos despidos ultimamente, cada vez suben la carga de trabajo por los mismos despidos, ya obligan a ir a la oficina.",N/A,N/A,Spanish
IBM,N/A,"- Trabajo estable
- Buenas prestaciones
- Libertad de tomar vacaciones
- Buenos valores y compañeros","Una
 vez estas dentro es bastante difícil aumentar tu sueldo, aun cumpliendo
 con lo necesario. Suelen agregar mas y mas requerimientos y al final 
algunas veces solo te rechazan la promoción por ""temas de presupuesto"".",N/A,N/A,Spanish
IBM,N/A,"Muchos beneficios, como seguro de auto, vida, lentes grátis entre muchas cosas",Subir de banda es casi imposible,N/A,N/A,Spanish
IBM,N/A,Prestaciones buenas sobretodo en caja de ahorro,"No
 te asignan proyectos , si te mandan a banca ten por seguro que te 
despistan a menos que te lleves bien con los managers que asignan los 
proyectos",N/A,N/A,Spanish
IBM,N/A,"Buen sueldo
Buen ambiente laboral","Pocas oportunidades de crecimiento
Instalaciones un poco lejanas",N/A,N/A,Spanish
IBM,N/A,"Cultura Organizacional, Globalización, Intercambio entre miembros de distintos países, aprendizaje y desafíos constantes,","Los aumentos no son tan recurrentes como me hubiese gustado, a pesar del desempeño.",N/A,N/A,Spanish
IBM,N/A,"Prestaciones, oportunidades, cursos, carga laboral","Sueldo, aumento, cambio de banda",N/A,N/A,Spanish
IBM,N/A,Mucho training y viajes. Buena cultura. Buena prepaga galeno o smg,"Muuuuy
 pocos beneficios. Aumentos de salario cada 6-7 meses y a inflación 
vencida. No hay bono. La cuota de comisión es la que le pinta al de 
comercial ponerte y si sale que ganas mucho te la bajan.",N/A,N/A,Spanish
IBM,N/A,La chapa que capaz daba decir trabajo en IBM,"El sueldo es un desastre, entra gente siempre que gana màs que vos, si te quedas años ahi sos pobre, no cuidan a las personas",N/A,N/A,Spanish
IBM,N/A,"Dueño
 de tu tiempo una ves que sabes como hacer las cosas, trabajo hibrido, 
el seguro de gastos médicos, el seguro de flotilla de autos, en ventas 
los bonos si llegas a tu meta son muy buenos.","Constantemente
 tienes que estar demostrando nuevos conocimientos aunque tu trabajo sea
 excelente y ´por más que entregues todo a tiempo siempre habrá un 
sistema nuevo de inteligencia artificial que te ´pueda sustituir.",N/A,N/A,Spanish
IBM,N/A,"El ambiente laboral, el cuidado al trabajador, los valores de la empresa hace que trabajes feliz y comodo.",Las prestaciones muy buenas solo el fondo de ahorro esta a la mitad del tope de ley.,N/A,N/A,Spanish
IBM,N/A,"1.Cultura organizacional sólida
2.Fuerte enfoque en diversidad e inclusión
3.Buen equilibrio entre vida laboral y personal
4.Prestaciones y beneficios competitivos
5.Marca fuerte para el desarrollo profesional","1.Crecimiento profesional lento
2.Movilidad interna complicada
3.Dependencia del proyecto o cliente
4.Gestión y liderazgo inconsistentes
5.Salarios que pueden estancarse",N/A,N/A,Spanish
IBM,N/A,"- hay 2 días de Home Office 
- hay gente que está comprometida por los beneficios que se otorgan 
- un ambiente de trabajo ok
- vending machines que reciben tarjeta de crédito y efectivo","- Demasiado lejos de la ZMG sin rutas alternas y si las hay son peligrosas.
- Las rutas que ofrecen no abastecen ni mitigan nada y lso horarios son terribles
- Hay cafetería, no hay proveedor (un espacio con sillas y mesas)
- No hay mucha variedad de comida cerca
- Muy burocrático todo, y todo mundo te manda con alguien más, nadie se hace cargo de nada (ni el manager)
- Creen que un AI Chatbot te saca del apuro en absolutamente todo",N/A,N/A,Spanish
IBM,N/A,"Remoto, buen sueldo, aprendizaje continuo, plataformas para certificado, networking",Puede ser inestable si el proyecto con el que trabajas no continúa o ya no necesita de IBM,N/A,N/A,Spanish
IBM,N/A,"Haces curriculum, networking, buenos cursos. Teletrabajo.",Sueldos bajos y condiciones mejorables. Largas horas.,N/A,N/A,Spanish
IBM,N/A,Good environment to work for,difficult to climb the ladder,N/A,N/A,English
IBM,N/A,"Sueldo, prestaciones, proyectos, oficinas, esquema híbrido","Crecimiento profesional, path de carrera, gerentes",N/A,N/A,Spanish
IBM,N/A,"Buen ambiente de trabajo
Fondo de ahorro
Trabajo híbrido en algunos proyectos","Distancia a las oficinas
Es difícil que te acomoden en otro proyecto",N/A,N/A,Spanish
IBM,N/A,"Prestaciones superiores.. seguro de GMM
Seguro de auto a tarifa especial, plan de pensiones","Trabajas
 casi todos los últimos del mes, incluyendo 24 y 31 hasta las 12 pm que 
termina el año fiscal, la nomina es mensual por lo que las aclaraciones,
 aunque son mínimas, son un poco tardadas",N/A,N/A,Spanish
IBM,N/A,"Buena Cultura, buenas prestaciones, buenos clientes","Las
 oficinas estan en las afueras de la ciudad y puede resultar un poco 
dificil transportarce, aunque cuenta con su servicio de transporte.",N/A,N/A,Spanish
Infosys,N/A,"Strong brand value on resume
Good training for freshers
Decent work-life balance (in many teams)
Onsite opportunities available
Stable job environment","Slow salary growth
Limited role flexibility
Bureaucratic processes
Project quality varies a lot
Less exposure to latest tech in some roles",N/A,N/A,English
Infosys,N/A,Múltiples clientes con los cuales puedes trabajar,Se aprecia que el pipeline de new hires es mayor al número de personal de RH,N/A,N/A,Spanish
Infosys,N/A,Stable Job no worries about layoffs,Sometimes need to stretch to 14 hours,N/A,N/A,English
Infosys,N/A,Lugar para aprender y crecer profesionalmente,No hay aumentos una vez que ingresas,N/A,N/A,Spanish
Infosys,N/A,"Home office, prestaciones de ley","Falta de proyectos, falta de comunicación, nulos aumentos",N/A,N/A,Spanish
Infosys,N/A,"Hybrid
 or remote work, or sometimes weekends and full week, but this is not 
common, depending on the project. Many projects are not too demanding, 
so you’re often quite relaxed. They are also patient with the time you 
spend on the bench.","The
 salary is not very competitive compared to other companies. There are 
limited projects available for junior levels, and opportunities often 
depend heavily on the manager. Additionally, career growth within the 
company can be limited.",N/A,N/A,English
Infosys,N/A,Tienen muy buenas capacitaciones y el salario es bueno a secas,"Proyectos demasiado con mucha presión, es imposible encontrar un balance entre tu vida personal y los proyectos",N/A,N/A,Spanish
Infosys,N/A,"Estabilidad, buenos proyectos, mucho que aprender",No subes rápido de puesto ni de ingresos,N/A,N/A,Spanish
Infosys,N/A,Buen ambiente de trabajo y colaboración,Sueldos bajos y mucha burocracia,N/A,N/A,Spanish
Infosys,N/A,No tuve. Lleno esta casilla porque es obligatorio,"Todas.
 Estuve contratado como tercerizado para otra empresa y nunca nos 
sentimos ni representados ni defendidos por nuestro trabajo. No teníamos
 beneficios similares a los empleados de la compañía por la cual 
trabajábamos 40 horas semanales y se generó mucho ruido interno con 
nuestra coordinadora.",N/A,N/A,Spanish
Infosys,N/A,"Trabajo híbrido
Apoyo para silla ergonómica
Apoyo para internet","Mala dirección 
Managers sin metas claras
Bajo crecimiento",N/A,N/A,Spanish
Infosys,N/A,la compensacion era muy justa,la ubicacion no era la mejor,N/A,N/A,Spanish
Infosys,N/A,"Tienen
 programas donde emplean personas recién graduadas para capacitarlos 
como desarrolladores y con base en los cursos que te asignen te buscan 
un proyecto relacionado. A mi me capacitaron para ser Full-Stack junior y
 me consiguieron un proyecto de Front-End con React donde permanecí 3 
años.","Estando
 en banca también te pueden asignar cursos en tecnologías de nicho y 
asignar a un proyecto donde te puedes estancar por solo trabajar con esa
 tecnología,",N/A,N/A,Spanish
Infosys,N/A,Fondo de ahorro y prestaciones,Poco crecimiento a largo plazo,N/A,N/A,Spanish
Infosys,N/A,"Home Office
Prestaciones 
Buenas instalaciones","Mala Organización 
Salario no compettivo",N/A,N/A,Spanish
Infosys,N/A,Team is really good and nice,Depende del jefe que te toque,N/A,N/A,English
Infosys,N/A,"Buen salario
Capacitacion continua
Buen ambiente laboral","Falta de proyectos
Falta de comunicacion por parte de los managers",N/A,N/A,Spanish
Infosys,N/A,"Seguimiento al empleado
Cursos disponibles","Poco crecimiento
Salario regular en comparación al mercado",N/A,N/A,Spanish
Infosys,N/A,"prestaciones,
 capacidad de desarrollar skills, exposicion a clientes importantes, 
experiencia si te toca buen proyecto, modelo hibrido","mala
 paga, cultura laboral explotadora en ciertos proyectos, muchas 
posiciones de support en caso que no te guste, crecimiento en la empresa
 csai nulo independiente de tus logros.",N/A,N/A,Spanish
Infosys,N/A,"Tienes acceso a deals de bajo perfil, por lo que puedes involucrarte mucho desde un nivel junior.",El sueldo y prestaciones son muy malas para un trabajo en banca de inversión.,N/A,N/A,Spanish
Infosys,N/A,"No
 deja de ser una consultora, si estás en la ciudad donde se encuentra la
 oficina tienen modo híbrido (ir 2 días a la semana), si estás fuera de 
la ciudad sería remoto o depende proyecto o PM, en cuanto a trabajo 
depende del proyecto que al que te toque participar pero me tocó ver qué
 para personas recién egresadas es muy buen punch para empezar pero 
mientras mi estadía y en proyectos me sentí muy cómodo","recomiendo
 cotizarte bien al entrar los aumentos no son muy buenos que digamos 
(1-4% )aún que tengas buena evaluación de rendimiento",N/A,N/A,Spanish
Infosys,N/A,entrenamiento y capacitación continua para mejorar,"salario
Tiempos
Permisos 
We
We",N/A,N/A,Spanish
Infosys,N/A,buen sueldo y buen ambiente laboral,no hay crecimiento a largo plazo,N/A,N/A,Spanish
Infosys,N/A,"Gran empresa, mucha calidez humana",No le encuentro ninguna desventaja,N/A,N/A,Spanish
Infosys,N/A,"Trabajo remoto, hasta que te asignaban a cliente en ese caso lo normal era viajar 4 días a la semana en Europa","Tenias
 que buscarte tú un projecto dentro de la empresa. Los líderes de 
capacitación no funcionaban bien. Había mucha gente sin poryecto y otros
 desbordados de trabajo",N/A,N/A,Spanish
Luxoft,N/A,"Trabajo remoto, apoyo teletrabajo, flexibilidad","Crecimiento labora
.
.
.",N/A,N/A,Spanish
Luxoft,N/A,"Buen ambiente
Proyectos interesantes
Muchas opciones para aprendizage y desarrollo profesional
Buen balance entre trabajo y vida personal (segun el proyecto en que estas)","Las políticas de DXC cada vez toman más fuerza, y no son las más amenas para trabajar.
Podrían tener mejores salarios",N/A,N/A,Spanish
Luxoft,N/A,"La
 empresa mantiene un trato adecuado hacia el personal y ofrece un 
esquema remoto bien estructurado. En mi caso, recibí un kit de 
bienvenida que incluía equipo de trabajo completo, como laptop y monitor
 adicional. Además, se otorga un apoyo de 3,000 pesos para adquirir una 
silla ergonómica, fondo de ahorro al máximo permitido por la ley, 
reparto de utilidades, 30 días de aguinaldo y un apoyo mensual de 900 
pesos por trabajo remoto. En conjunto, el paquete de prestaciones es 
sólido y competitivo.","Al
 ser contratado a veces te mandan a proyectos donde ni siquiera estan 
alineados con tus skills o conocimientos técnicos, solo por cubrir esa 
vacante. Cosa mala en mi caso, el ""tiempo"" de bech segun son 2 meses, 
pero realmente si sales de proyecto te dan como 40 dias para estar en 
bench y encontrar proyecto.",N/A,N/A,Spanish
Luxoft,N/A,"nice co-workers, nice management, work-life balance","poor comunication from company, low salaries, no holidays for ukrainian people",N/A,N/A,English
Luxoft,N/A,"Flexible, buena cultura, buen equipo de trabajo","Es un contratista, entonces te puede tocar un cliente bueno o malo",N/A,N/A,Spanish
Luxoft,N/A,"- Buenas prestaciones
- Buenos proyectos si te toca uno chido, puedes quedarte en ellos o cambiarte a otros",- Muy complicado conseguir aumentos,N/A,N/A,Spanish
Luxoft,N/A,"Prestaciones, horario laboral, proyectos, ""salario""",Ya no se han tenido ajustes salariales desde la pandemia/desde que Luxoft pasó a ser parte de DXC,N/A,N/A,Spanish
Luxoft,N/A,"Buen ambiente laboral, amigable.
Buen paquete de prestaciones.
Sueldo competitivo.
Oportunidades de crecimiento de carrera.
Amplia cartera de clientes.
Trabajo remoto.",Me parece que no hay desventajas.,N/A,N/A,Spanish
Luxoft,N/A,Buen sueldo y buenas prestaciones superiores a las de ley.,No tengo desventajas que sobresalgan.,N/A,N/A,Spanish
Luxoft,N/A,good company =to work on for a long term,"greedy owners, no promotions, unstable cunstomers",N/A,N/A,English
Luxoft,N/A,"Si
 haces un buen contrato puedes tener buena paga, pero puede ser un arma 
de doble filo si te cambian de proyecto, puede que no entres a un nuevo 
proyecto si tu salario es alto independientemente si cumples con el 
conocimiento","-
Mas o menos los ultimos 3 años talvez mas, la empresa empezo a no ser la
 mejor perdieron clientes importantes y muchos cayeron en bench 
corrieron un gran numero de gente y los que no corrieron los empezaron a
 poner personas en cualquier posicion con tal de llenar espacios.",N/A,N/A,Spanish
Luxoft,N/A,Excelente ambiente y compañeros i cluyendo las ventajas que ofrecen y buem sieldo,No tengo ninguna desventaja ppr mencionat,N/A,N/A,Spanish
Luxoft,N/A,"Buenas prestaciones, buen ambiente laboral",No hay aumentos de sueldo frecuentes,N/A,N/A,Spanish
Luxoft,N/A,Muy buen ambiente laboral y soporte,Sujeto a cambios de plantilla de lo clientes,N/A,N/A,Spanish
Luxoft,N/A,"Good salary and bonuses, as well as incredible benefits (gym membership, dental and vision plan)","No
 room to grow inside the company. You're told that you can change the 
team/project you're working on, but once you do, you paint a target on 
your back for layoffs.
Technical upskilling is dependant on the team you're in.
Also dependant on the client, a lot of unpaid extra hours.",N/A,N/A,English
Luxoft,N/A,"Trabajo Remoto, Procesos de onboarding claros,
buenas prestaciones",carrer path necesita mas deficinion,N/A,N/A,Spanish
Luxoft,N/A,"Salario dentro del rango competitivo para la industria
Un poco más de movilidad entre clientes y/o proyectos
Trabajo remoto","Una consultoría es un poco más inestable que otro tipo de empresas
Hay clientes buenos y otros no tanto
Poca visibilidad de tu trabajo con el empleador",N/A,N/A,Spanish
Luxoft,N/A,"Because
 the constant reduction of benefits there is not much compared to other 
similar companies. Maybe you have a bit more home office than others","-
 On the last 2 years rotation has significantly increased. Constant 
project losing increases the people that ends on bench and is usual that
 only 20% aprox finds a new project rest are fired.
- Bench time is not fixed sometimes is 0 days up to 2 or 3 moths, but 
how much time you may get depends on the specific situation.
- Vacations were good until a new politic forces you to take last 2 
weeks of year as vacation.
- Has been requested to stop remotely work and return to office is 
consistently enforced
- Salary increases basicaly are abcent
- Is usual that you get an absent direct and line manager, you only talk
 with them twice a year and if you have a problem well basically you are
 alone",N/A,N/A,English
Luxoft,N/A,"Muy buen lugar para trabajar, buenas prestaciones y buen ambiente laboral.",No hay muchas desventajas por el momento.,N/A,N/A,Spanish
Luxoft,N/A,We have a good work balance.,No one at this moment.,N/A,N/A,English
Luxoft,N/A,Muy buen ambiente de trabajo y muy buenos beneficios.,"Cuando
 el cliente ya no firma contrato con Luxoft, Luxoft te pide buscar 
dentro de la empresa buscar otro proyecto pero si no encuentras te 
despiden",N/A,N/A,Spanish
Luxoft,N/A,"Seguridad labora, prestaciones buenas, muy pocos layoffs",Projectos poco desafiantes y aburridos,N/A,N/A,Spanish
Luxoft,N/A,It depends on the client you are working.,Some clients ask for more work and they don't last more than 6 months.,N/A,N/A,English
Luxoft,N/A,Trabajo remoto ayuda con balance de vida personal,Demasiadas juntas de equipo .,N/A,N/A,Spanish
Luxoft,N/A,"-trabajo remoto
-si negocias un buen salario desde que entras esta bien 
-prestaciones
-fondo de ahorro
-aguinaldo 30 días","-Dependiendo del cliente, pero hay mucha rotación de manager por parte del cliente 
-por parte de Luxoft te asignan como 3 o 4 managers para diferentes cosas 
-Arrogancia por parte de managers, en varios momentos quisieron echarme la culpa de cosas que ni al caso 
-literal me dijeron que una vez iniciado con cliente no tendría tiempo socia",N/A,N/A,Spanish
NEORIS,N/A,para comenzar tu carreta esta bien,podrian mejorar los sueldos un poco,N/A,N/A,Spanish
NEORIS,N/A,Aprendes tecnología y estas con clientes buenis,Carga laboral a veces de mas,N/A,N/A,Spanish
NEORIS,N/A,Aprendizaje directo con el cliente,Los sueldos no suelen ser competitivos,N/A,N/A,Spanish
NEORIS,N/A,"El ambiente laboral es bueno
Todos colaboran para que salgan los trabajos
Te ayudan","Poca organización, te pueden dar un trabajo y a la semana despues otro por motivos externos y no saben como reubicarte",N/A,N/A,Spanish
NEORIS,N/A,"Todo conforme a la ley 100% nomina, GMM","Desafortunadamente
 dependemos del cliente que nos toque, casi no tienes relación con 
Neoris, sin cliente te pueden poner en banca hasta 3 meses con sueldo, 
algunos al día siguiente le dan las gracias.",N/A,N/A,Spanish
NEORIS,N/A,El sueldo es bueno si es tu segundo trabajo,"No me ofrecieron SGM
No hubo seguro de vida
No hubo seguro dental
No me asignaron laptop de Neoris solo de cliente
Te asignan a cliente y probablemente se olvidan de ti. Se siento como una subcontratación y peor si estás en remoto
No hay crecimiento rápido
No hay un acompañamiento como coach  tecnologico, con ""líder"" interno solo he hablado 1 vez
Solicitar vacaciones de hacerse con 1 mes de antelación",N/A,N/A,Spanish
NEORIS,N/A,"Obra
 social buena, tenes acceso a udemy si lo solicitas, clases de ingles 
que tienen descuento, convenios con algunas empresas, en los proyectos 
que estuve realmente fueron muy buenos los equipos",Sueldo esta medio bajo comparado a otros lados,N/A,N/A,Spanish
NEORIS,N/A,"Aprendes mucho, hay oportunidad de crecer aunque aun no la he visto",No se cortan un pelo en pedir que trabajes todo el fin de semana sin ningún tipo de remuneración porque el proyecto lo necesita,N/A,N/A,Spanish
NEORIS,N/A,"Salario dentro de la media, 100% remoto.","Me
 echaron tras más de un año en la empresa tras finalizar el proyecto con
 el cliente. Están perdiendo muchos clientes por su pésima gestión de 
cara a ellos.
Echaron a la mitad del equipo en vez de reubicarnos. Muchas rotaciones 
de personal el cual vas entendiendo porque.
Simplemente no valoran al los trabajadores. Los jefes de arriba son cada
 vez más malos.",N/A,N/A,Spanish
NEORIS,N/A,"Buen sueldo
Buen ambiente laboral","Si
 no tienen proyectos una vez que entras en banca no esperan mucho tiempo
 para sacarte. Aun cuando ellos mismos te dicen que tomes tus días de 
vacaciones que tenias pendientes.",N/A,N/A,Spanish
NEORIS,N/A,"Sueldo competitivo, variedad de proyectos, capacitacion","Ambiente laboral, sobrecarga de proyectos",N/A,N/A,Spanish
NEORIS,N/A,Teletrabajo y muy buen ambiente de trabajo,Salario bastante bajo para todo lo que desempeñas,N/A,N/A,Spanish
NEORIS,N/A,"Es una buena empresa, pagos muy puntuales, excelente ambiente y mentoria","Poco crecimiento salarial, los ajustes son muy bajos",N/A,N/A,Spanish
NEORIS,N/A,"Sueldo competitivo
Prestaciones superiores a la ley","Es dificil subir de puesto, no hay un plan de crecimiento establecido
No hay mucha comunicación con la consultora, pues trabajas principalmente con el cliente",N/A,N/A,Spanish
NEORIS,N/A,"Muy
 lindo ambiente laboral, me toco trabajar con personas excelentes y 
super compañeras.
HomeOffice. Depende del proyecto te pueden tocar tecnologías 
nuevas/interesantes o stack legacy/viejisimo que no ayuda a tu carrera.","Tiene
 uno de los peores sueldos del mercado.
Con +3 años de experiencia, mi sueldo es menor al de un Junior en 
cualquier otra empresa. Enviaron un mail diciendo que el proximo ajuste 
sera en julio (serian 8 meses sin ajuste).
Solo recomendable si uno es junior o puede negociar un buen sueldo, 
apostando a que no habrá incrementos regularmente.
Tampoco hay soluciones cuando uno plantea disconformidad con el sueldo 
actual.",N/A,N/A,Spanish
NEORIS,N/A,Oportunidades de tener proyectos en remoto,Se tiene desventaja salarial en contra de otras consultoras,N/A,N/A,Spanish
NEORIS,N/A,"Buena empresa, buenos proyectos y muy buen salario y prestaciones","Cuando
 se requiere apoyo de RH tardan muchisimo. Muchos cursos innecesarios 
(además de la carga de trabajo, exigen cursos que son totalmente 
innecesarios)",N/A,N/A,Spanish
NEORIS,N/A,La empresa es buena y cumplida con los pagos. Dependiendo del cliente claro esta.,"Llevo
 casi 3 años en la empresa y no he tenido aumento de sueldo. He 
insistido en este tema pero siempre evaden mi solicitud, Al final esto 
desanima muchísimo.",N/A,N/A,Spanish
NEORIS,N/A,Relacion laboral es muy buena con el team,Las prestaciones no son tan competentes,N/A,N/A,Spanish
NEORIS,N/A,Muy buena cultura de trabajo e instalaciones,"Cuando te ponen en banca, manejan mucho micromanagement",N/A,N/A,Spanish
NEORIS,N/A,"Buenas prestaciones, buena cultura laboral, vida balanceada, acceso a recursos de capacitación, etc.",No encontré desventajas de laborar en Neoris.,N/A,N/A,Spanish
NEORIS,N/A,"Ambiente agradable
Compañerismo
Integración
Buenos Beneficios
Sueldo acorde",Hibrido (A veces hay que ir a la oficina),N/A,N/A,Spanish
NEORIS,N/A,facilidad de hacer home office,No hay mucho aumento salarial,N/A,N/A,Spanish
NEORIS,N/A,tener la oportunidad de trabajar,no hay desventajas especificas de trabajar aqui,N/A,N/A,Spanish
NEORIS,N/A,"aparte
 de un buen salario, tenia flexibilidad y buen equilibrio para una vida 
personal decente, incluso diria deseable para muchas personas.",Llegar a las oficinas es un tanto complicado,N/A,N/A,Spanish
Oracle,N/A,"Really great team environment, competitive payments and competitive benefits.","They don’t get salary increases often (rarely do you get to enjoy this, and not as much as expected).",N/A,N/A,English
Oracle,N/A,puedes ajustar tu trabajo y vida personal,"no
 te aumentan el sueldo acorde a los años que tienes en la empresa, las 
promociones son sin aumento, los empleados con muchos años usualmente 
terminamos ganando menos que los nuevos",N/A,N/A,Spanish
Oracle,N/A,Trabajo muy relajado e interesante,Mucha volatilidad en la empleabilidad,N/A,N/A,Spanish
Oracle,N/A,Excelente balance entre vida personal y trabajo,El crecimiento salarial es inexistente,N/A,N/A,Spanish
Oracle,N/A,"sueldo, ambiente de trabajo, oficinas, seguro medico","muchos recortes, no aumentos o ajustes",N/A,N/A,Spanish
Oracle,N/A,"Prestaciones superiores a la ley
Buenas Instalaciones",Sueldo bajo considerando otras empresas de faangs,N/A,N/A,Spanish
Oracle,N/A,"Buenas prestaciones
Salario medio 
Buen equipo","Congelamiento de salario por años
No hay feedback ni te dicen que necesitas para el siguiente nivel
Te aprueban las promociones pero no las hacen efectivas",N/A,N/A,Spanish
Oracle,N/A,no tiene ninguna ventaja aqui,te pagan al mes poco,N/A,N/A,Spanish
Oracle,N/A,"Buen ambiente laboral
Equipo unido",Equilibrio entre Vida personal - Trabajo,N/A,N/A,Spanish
Oracle,N/A,"Excelente, buenas prestaciones y seguro","No aplica, todo estuvo ok",N/A,N/A,Spanish
Oracle,N/A,Buen ambiente laboral y balance familiar,"No hay aumentos, acciones bajando de valor",N/A,N/A,Spanish
Oracle,N/A,A lot of learning with interesting teams,It is difficult to increase your salary.,N/A,N/A,English
Oracle,N/A,"Es muy buen hambiente
Hay oportunidad de aprender","Poca posibilidad de crecimiento
Estar en la oficina
Cambios constante que suelen afectar",N/A,N/A,Spanish
Oracle,N/A,"Prestaciones
 superiores a las de la ley, si bien el sueldo es similar a cualquier 
otra tech company, los beneficios son superiores, seguro de auto, 
descuentos con todos los socios de oracle, el campus, transporte",El sueldo ya no es tan competitivo como hace años,N/A,N/A,Spanish
Oracle,N/A,Instalaciones limpias y de high tec,Te corren cuando cuando menos te lo esperas,N/A,N/A,Spanish
Oracle,N/A,"Es una gran empresa, tiene muchas prestaciones mayores a la del mercado.
Tiene incluso mejores prestaciones que el mercado de IT.","Al
 ser empresa grande todos los procesos llevan mucho tiempo, una 
promotion para un puesto lleva años, con el sueldo que entras te quedas 
muchos años.",N/A,N/A,Spanish
Oracle,N/A,Home officce en algunos proyectos,No hay aumentos de sueldo ni reconocimiento por parte de la empresa.,N/A,N/A,Spanish
Oracle,N/A,"Buen salario y prestaciones, oficinas con gimnasio y canchas deportivas","Oficinas
 abiertas y ruidosas (open office), cada vez es más popular el 
micromanagement (depende del proyecto), quieren que trabajes en fines de
 semana y días festivos (depende del proyecto)",N/A,N/A,Spanish
Oracle,N/A,"Buenas prestaciones, buen balance de vida - trabajo, buen equipo y ambiente laboral.",No hay ajuste salarial anual,N/A,N/A,Spanish
Oracle,N/A,Empresa top recomendable para trabajar.,la empresa realiza ERE cada cierto tiempo,N/A,N/A,Spanish
Oracle,N/A,Beneficios superiores a los de la ley.,"Massive layoffs, 2 in 4 years.",N/A,N/A,Spanish
Oracle,N/A,"Ambiente laboral, prestaciones superiores a las de ley, buena paga",Algunas posiciones son de mucho estres,N/A,N/A,Spanish
Oracle,N/A,"home office, trabajo flexible y certificaciones",sueldo bajo en relación al mercado,N/A,N/A,Spanish
Oracle,N/A,"Retribución
Oportunidades de aprender de los mejores","Presión constante
Cambios frecuentes en el modelo te pueden dejar fuera",N/A,N/A,Spanish
Oracle,N/A,"Buen balance vida/trabajo, buenas ubicación de la oficina, buenos beneficios si se tiene familia.","Poca
 oportunidad de crecimiento en determinadas áreas, y la dirección 
respecto a los objetivos es muchas veces poco clara. Hay un poco de 
""chacrismo"" si se quiere.",N/A,N/A,Spanish
Softtek en Mexico,N/A,"multiples tecnologias, ideql para desarrollo profesional",prestaciones menos atractivas que la vompetencia,N/A,N/A,Spanish
Softtek en Mexico,N/A,Tiene clientes muy competitivos que te permiten crecer profecionalmente,No hay mucha oportunidad de crecimiento de sueldos,N/A,N/A,Spanish
Softtek en Mexico,N/A,Buen ambiente laboral y proyectos,Los sueldos son bajos y no hay aumentos,N/A,N/A,Spanish
Softtek en Mexico,N/A,"Ofrecen cursos de capacitacion a otras áreas
El trabajo es relativamente tranquilo","Realmente
 que esos cursos buscan bloquearlos para que no tengas acceso
La enorme falta de comunicacion, muchas veces tenias que retrabajar 
cosas que ya habian quedado por escrito pero que superiores no se 
molestaban en revisar",N/A,N/A,Spanish
Softtek en Mexico,N/A,"Tinen
 buena organizacion en recursos humanos no tienes problemas con los 
pagos o prestaciones que ofrecen, te da la oportunidad de participar en 
proyectos con empresas grandes y/o americanas es muy buen lugar para ir 
empezando","depende
 totalmente de tu proyecto, he estado en proyectos asignados a US y todo
 esta muy bien pero he escuchado de proyectos para empresas en mexico 
que son muy explotadoras.

Utilidades nulas.",N/A,N/A,Spanish
Softtek en Mexico,N/A,Te organizas a tus tiempo,Pocos vales de despensa y prestaciones normales,N/A,N/A,Spanish
Softtek en Mexico,N/A,"Home office, proyectos internacionales y retadores, pool mientras te asignan a otro proyecto",outsourcing; el proyecto se acaba y pues ni gracias te dan jeje,N/A,N/A,Spanish
Softtek en Mexico,N/A,salario es competitivo al mercado aunque puede ser mejor,"todo depende de como le caigas al lider, tiene muy malos lideres",N/A,N/A,Spanish
Softtek en Mexico,N/A,"Se
 trabaja de forma , remota las prestaciones son de ley tienen, una buena
 cultura laboral,  tratan de  integrarte  apesar de ser  remoto.","Mi equipo llego tarde, tuve mucho problemas de seguridad para trabajar en ambientes de escritorio virtual",N/A,N/A,Spanish
Softtek en Mexico,N/A,"- sueldo competitivo
- buenos clientes
- buenos compañeros","- clientes muy inestables, de un dia a otro ya se acaba la asignación
- el aumento salarial es nulo o insignificante
- a veces el plan de carrera es un poco desactualizado",N/A,N/A,Spanish
Softtek en Mexico,N/A,Tiene muchas prestaciones muy buenas,Muy coplicado para coonseguir aumentos,N/A,N/A,Spanish
Softtek en Mexico,N/A,"Estuve
 asignado a un banco en modelo hibrido, mi estancia fue buena. Realmente
 el crecimiento depende del empeño que le pongas, la empresa ofrece 
cursos y una plataforma para aprender ingles.","No hay aumentos de sueldo, al menos yo batalle mucho tiempo para que me lo dieran",N/A,N/A,Spanish
Softtek en Mexico,N/A,Las prestaciones son muy buenas,Cuando se termina el proyecto si no te colocan dentro de los primeros meses puedes causar baja,N/A,N/A,Spanish
Softtek en Mexico,N/A,Te dan Remoto o Hybrido,No creces y te dan trabajo de otras areas,N/A,N/A,Spanish
Softtek en Mexico,N/A,"Buen sueldo, es competitivo y da extras",Buenas prestaciones extras a las de ley,N/A,N/A,Spanish
Softtek en Mexico,N/A,Te permite empaparte de nuevas tecnologías rápidamente.,En ocasiones la carga de trabajo no te permite desarrollarte en otras áreas de interés.,N/A,N/A,Spanish
Softtek en Mexico,N/A,"Uso de nuevas tecnologías y constante crecimiento
Muy bueno como primer trabajo",Sueldo relativamente bajo aunque buenas oportunidades de aprendizaje dentro de la empresa,N/A,N/A,Spanish
Softtek en Mexico,N/A,Seguro médico de gastos mayores,Explotación laboral y baja paga,N/A,N/A,Spanish
Softtek en Mexico,N/A,"Salario
Home Office
Clientes internacionales",Poco crecimiento a corto plazo,N/A,N/A,Spanish
Softtek en Mexico,N/A,"Prestaciones
 superiores a las de ley, 25 días de aguinaldo, vales de despensa, 
viajes a softtekiada pagados por la empresa (cancún, ixtapa, puerto 
vallarta) es un evento deportivo de la empresa llevado a cabo en la 
playa, si ganas tu lugar te pagan el hospedaje todo incluido, solo pagas
 el traslado, entrenamientos gratuitos, excelente ambiente laboral, 
trabajo híbrido, seguros de gastos médicos mayores y menores, webinars 
de nutrición, finanzas, ejercicio, chequeos médicos anuales gratuitos","2
 días obligatorios de asistencia a la oficina, utilidades nulas o 
escasas (150 pesos MXN), depende mucho el líder que te toque la 
experiencia que tendrás, es muy complicado que te autoricen aumentos de 
sueldos, en algunos casos te dan de alta con menos salario en el IMSS.",N/A,N/A,Spanish
Softtek en Mexico,N/A,Buena empresa en muchos sentidos,"Mal reparto de utilidades, es muy poco",N/A,N/A,Spanish
Softtek en Mexico,N/A,Te capacitan para el puesto,"Mal pagado(muy por abajo del promedio)
Falsos aumentos(prometen y no cumplen)
Contacto con los managers complicado",N/A,N/A,Spanish
Softtek en Mexico,N/A,"Buen ambiente laboral, sueldo competitivo, respetan horarios.",Tienes que estar pidiendo aumentos,N/A,N/A,Spanish
Softtek en Mexico,N/A,"Buenas prestaciones
Eventos
Buen sueldo","Depende del proyecto puedes trabajar horas extras excesivas
Dificultad de tener un ajuste de sueldo segun tu puesto una vez dentro de la empresa",N/A,N/A,Spanish
Softtek en Mexico,N/A,excelente empresa se preocupan por los empleados y puedes tener un equilibrio entre la vida laboral y personal.,los ascensos y no hay mucho crecimiento,N/A,N/A,Spanish
Tata Consultancy Services,N/A,Cuidan que se tenga continuidad entre proyecto (cuando se termina) y proyecto,El paquete de prestaciones son los mínimos de ley,N/A,N/A,Spanish
Tata Consultancy Services,N/A,La seguridad de que no te correrán del trabajo.,"Los aumentos salariales son muy bajos y no casa año, las utilidades son muy bajas.",N/A,N/A,Spanish
Tata Consultancy Services,N/A,Tienes acesso a diferentes proyectos,Prefieren contratar Jr y correr a los Sr.,N/A,N/A,Spanish
Tata Consultancy Services,N/A,"Formaciones continuas
Flexibilidad laboral
Buena comunicacion
Reconocimientos
Descuentos en varias tiendas con beneficios",Sueldo algo bajo si no lo cuadras al comienzo,N/A,N/A,Spanish
Tata Consultancy Services,N/A,"No hay presiones
Trabajas con el cliente
Entrega equipos
Beneficios 
Descuentos
Udemy
LinkedIn learning","No sentido de pertenencia
No aumento salarial durante el año
No hay ascenso de puesto realista",N/A,N/A,Spanish
Tata Consultancy Services,N/A,las prestaciones son las de ley,los horarios varian demasiado de un dia a otro,N/A,N/A,Spanish
Tata Consultancy Services,N/A,"Good Environment, Good Work Culture",Nothing everything is perfect at Tata,N/A,N/A,English
Tata Consultancy Services,N/A,"Tienen un poco de desorden, pero siempre pagan",Es imposible contactarlos a veces,N/A,N/A,Spanish
Tata Consultancy Services,N/A,"-salario arriba del promedio
-aguinaldo 30 dias","-no hay crecimiento
-elitismo con indios",N/A,N/A,Spanish
Tata Consultancy Services,N/A,"Prestaciones estables, 30 días de aguinaldo",Mucho trabajo y poca paga,N/A,N/A,Spanish
Tata Consultancy Services,N/A,Trabajo remoto y buen proyecto,Trabajar en fin de semana,N/A,N/A,Spanish
Tata Consultancy Services,N/A,Es 100% remoto si vives lejos de las oficinas,"Olvídate
 de incrementos salariales, el último año obtuve B en mi evaluación 
anual y mi aumento salarial fué del 0.9% (Un insulto)",N/A,N/A,Spanish
Tata Consultancy Services,N/A,"El equipo de trabajo es eficiente.
Pagan a tiempo regularmente","No cumplen con lo que prometen
El equipo administrativo es horriblemente incomp3t3nt3
No tienen una buena estructura ni comunicación para resolver problemas",N/A,N/A,Spanish
Tata Consultancy Services,N/A,Si te vendes bien pagan bien,"Una
 ves dentro ya no subes y toda el area de RH,RMG te tratan con el pie, 
cuando inicio en Mexico la administracon de proyectos estaba en manos de
 Mexicanos y crecio pero al dia de hoy los la gente de la India no 
cuenta con gente capacitada e la gestion de proyectos y aumentenle que 
no hablan una pisca de español y el cliente se da cuenta al dia de hoy 
de que es la consultora mas cara y la que menos soluciones le da",N/A,N/A,Spanish
Tata Consultancy Services,N/A,"Prestaciones superiores
Buen salario inicial
Trabajo remoto (depende el proyecto) 
Flexibilidad si quedas sin proyecto sigues recibiendo pago en lo que sale algo mas","No
 hay claridad con el tema de los aumentos de salario, a veces subes bien
 y otras no… dependiendo de tu evaluación anual y que tan bien le caigas
 a tu manager
Falta de gestión en los proyectos",N/A,N/A,Spanish
Tata Consultancy Services,N/A,"La
 ventaja es q ellos tratarán de asignarte a proyectos y mientras 
encuentras alguno estarás en Pool y te seguirán pagando.Puedes entrar 
con sueldo muy bueno.","Los
 aumentos de sueldo son mínimos, depende el proyecto de que toque te 
puede ir muy bien o no tan bien respecto respecto al management de tcs",N/A,N/A,Spanish
Tata Consultancy Services,N/A,ambiente laboral y muchos proyectos,"sueldos bajos
burocracia
beneficios casi nulos",N/A,N/A,Spanish
Tata Consultancy Services,N/A,"facil de realizar, depende del proyecto",no te suben de salario,N/A,N/A,Spanish
Tata Consultancy Services,N/A,"Te dejan aprender mucho, ya que no tienes consecuencias graves si te equivocas, ideal para empezar","No respetan tus tiempos, te llaman en horario fuera de lo laboral",N/A,N/A,Spanish
Tata Consultancy Services,N/A,"- Buen salario.
- Prestaciones buenas","-
Malisima gestion cuando entras a Banca, te obligan a ir presencialmente a
 realizar cursos cuando podrias hacerlos en casa y recibir entrevistas 
desde casa.
- Mala gestion para entregarte todo en un solo dia (onboarding, tarjeta 
de vales, tu laptop o equipo que utilizaras, tu badge... etc)
- dificil de subir de puesto o de subir de sueldo.
- dificil entendimiento de sus plataformas
- HR dan un trato de muy mala manera.",N/A,N/A,Spanish
Tata Consultancy Services,N/A,Home office dependiendo del manager,Dificil subir salario mas del 5%,N/A,N/A,Spanish
Tata Consultancy Services,N/A,"Excelente lugar para trabajar, muy organizados y global","Sin comentarios al respecto, es una buena empresa",N/A,N/A,Spanish
Tata Consultancy Services,N/A,"If its your first job, it good to improve the English.",To get a good project a matter of luck.,N/A,N/A,English
Tata Consultancy Services,N/A,Buen ambiente buenos compañeros y proyectos,Diferencias de zonas horarias micromanaging,N/A,N/A,Spanish
Tata Consultancy Services,N/A,capacitan a los nuevos para empezar,pagan muy poco la verdad,N/A,N/A,Spanish
Google,N/A,Compensation is high which is good,All good nothing is wrong,N/A,N/A,English
Google,N/A,"Cafe and coffee, good work life balance","Losing its original engineering excellence gene, becoming more mediocre and top down",N/A,N/A,English
Google,N/A,It is very reliable and fast,Currently can't think of any cons,N/A,N/A,English
Google,N/A,"Family atmosphere, cares about employees",More time for some tasks,N/A,N/A,English
Google,N/A,"Technology,
 teams, pace, and variety. A high volume, velocity, and quality 
environment that is great for driven high performers.Leadership is 
heavily investing in AI and infrastructure with a clear plan; but some 
execution of AI adoption is disjunct","Company
 has taken a ""death by a thousand cuts"" to their workforce with constant
 rolling RIFs undermining any sense of security the job USED to offer. 
The pace is punishing and work life balance is no longer feasible",N/A,N/A,English
Google,N/A,healthy work environment and great benefits,Interesting work but demanding .,N/A,N/A,English
Google,N/A,remote and flexible times of meetings.,sometimes there are too many tasks given to one person,N/A,N/A,English
Google,N/A,"wfh, 3 days a week","not much con, great working team",N/A,N/A,English
Google,N/A,"Good perks, good food, amenities, aesthetic",Large company and everything that comes with it,N/A,N/A,English
Google,N/A,Excellent tools and code infrastructure,"Horrible technical debt
Disconnected management",N/A,N/A,English
Google,N/A,"Google has a good work culture, amazing technology and even better teams.",Wish they had a better strategic planning for new product and services,N/A,N/A,English
Google,N/A,I enjoy working here in Google,I don't see anything bad for now.,N/A,N/A,English
Google,N/A,Very good infrastructure for growth,"Not really, all is good",N/A,N/A,English
Google,N/A,"Extra income
Flexible work
New experience
Free product 
Work from home","Limited money
Work unsarten
Quality maintenance
Time west 
Scammer risk",N/A,N/A,English
Google,N/A,"Salary, perks, offices, travel, dog friendly",Slowly losing the magic it once had,N/A,N/A,English
Google,N/A,Half of the people are very talented and hard working.,The other half are total freeloaders.,N/A,N/A,English
Google,N/A,Great work/life balance and perks.,Big company bureaucracy can be slow and annoying.,N/A,N/A,English
Google,N/A,it was cool to work at google,i dont think there are cons,N/A,N/A,English
Google,N/A,Nice place to have worked,I di not have any cons,N/A,N/A,English
Google,N/A,Competent and kind people. I was lucky to have respectable managers.,"They say everything -- the culture, the benefits -- is declining, but even so it wasn't so bad.",N/A,N/A,English
Google,N/A,"Great work space
Great people","N/A
Liked my experience overall",N/A,N/A,English
Google,N/A,They pay well and have good leadership,They yell at you a lot,N/A,N/A,English
Google,N/A,"Loved
 working there, but like all things it depends on the team.  Over the 
last year, they have began firing for perfomrance, which was needed. If 
you don't have to sell your equity, it's an incredible savings vehicle. 
Positioned to win the AI wars, which will only drive up value of stock.",Promos are slow and trajectory is capped after L5.,N/A,N/A,English
Google,N/A,"Free food, Gym, great benefits and flexibility",Pace can be hectic at times. Be prepared for constant change.,N/A,N/A,English
Google,N/A,IT enginer in the field of,too much pressure from middle,N/A,N/A,English
Intel Corporation,N/A,"advanced tech, smart peers, good pay","can get pretty boring sometimes, long hours",N/A,N/A,English
Intel Corporation,N/A,Able to learn alot at the company,It’s hard to get a higher grade even when you’re doing higher-grade work,N/A,N/A,English
Intel Corporation,N/A,"Work life balance, pay, learning growth opportunities, perks",4 days a week work from office,N/A,N/A,English
Intel Corporation,N/A,"Work was good 
Seniors colleagues were supportive
Decent pay
Innovation is always encouraged","Even after working so hard , you won't get PPO , atleast in my case.",N/A,N/A,English
Intel Corporation,N/A,"Lots of opportunity, great place to start your career and grow","Low pay, Excessive bureaucracy, No employee loyalty.",N/A,N/A,English
Intel Corporation,N/A,"Good learning , good team , good stuff",i dont really have cons,N/A,N/A,English
Intel Corporation,N/A,you can work remote from another city in ireland,"CEO and top management, HR and work/life balance",N/A,N/A,English
Intel Corporation,N/A,"It's a great place to be, and you can definitely learn a lot from the people who work there.",Sometimes your work goes unnoticed when you need it the most.,N/A,N/A,English
Intel Corporation,N/A,"Lots of floating holiday and Sick time.
Lots of diverse people.","Layoffs been happening for the past 2 years and it's still going throughout this year.
No room to grow or move up positions unless someone from your team leaves the department or transfers.
Went through 3 managers within 4 years.
People will not communicate with you and instead will play telephone, so then you'll hear it from someone else.",N/A,N/A,English
Intel Corporation,N/A,"salary. social benefits , food ,",my manger need little bit getting improve in commination,N/A,N/A,English
Intel Corporation,N/A,"People are nice, generally speaking.",A lot of perks are lost after recent layoffs. You have to pay for coffee.,N/A,N/A,English
Intel Corporation,N/A,CPU focused industry leader and it's investing on IDM2.0(IFS) for many years and now it's recovering.,"Too
 many managers who are not hands on the project but reporting 
management.  that's coming from too many variance of CPU for OEMs, ODMs.
 Team need to stand up and integrate in one source.",2.0,N/A,English
Intel Corporation,N/A,Compensation and benefits were good.,"High stress, multiple rounds of layoffs leading to uncertainty",N/A,N/A,English
Intel Corporation,N/A,Good work life balance and techbologies,"Too many parallel teams around the world.
Design teams in US",N/A,N/A,English
Intel Corporation,N/A,"good perks and benefits, flexible environment, understanding Managers and leads, good pay","Learning is less compared to other companies, as there are many people for a single work, less dependency on a single individual",N/A,N/A,English
Intel Corporation,N/A,Good technical people. Nice work enviornment,Slow promotions. Less stocks and other benefits,N/A,N/A,English
Intel Corporation,N/A,Good work life balance and flexible hours for students.,Career growth can be slow in some specific departments.,N/A,N/A,English
Intel Corporation,N/A,"Good place to work in, a strong system, reliable company","A more innovative strategy is important for the company in order to succeed in the next years, and I'm not sure it's there",N/A,N/A,English
Intel Corporation,N/A,"Work Life Balance,  matches mid tier company salaries","Less growth opportunities, less promotions, too fragile",N/A,N/A,English
Intel Corporation,N/A,"Salary ( fixed + variable + quarterly+ rsu ) 
Wlb
Culture
Medical policy is better and covers a lot of things","Quality of work
4 days a week office",N/A,N/A,English
Intel Corporation,N/A,great pay and generous benefits.,"cut throat politics, lots of projects cancelled at last minute",N/A,N/A,English
Intel Corporation,N/A,Great work life balance and good health benefits,Salary range in common with market,N/A,N/A,English
Intel Corporation,N/A,Data-driven decisions (at least in the past).  Strong corporate desire to succeed.,Not adapting to the new data-first world.  Taking too long to fully embrace AI.,N/A,N/A,English
Intel Corporation,N/A,"Good work-life balance, supportive team, flexible schedule, interesting projects, stable environment","Growth can be slow, some processes are inefficient, limited visibility across teams",N/A,N/A,English
Intel Corporation,N/A,"-
 Continuous Learning: I have stayed for over 20 years because the 
opportunities for professional growth and skill development are truly 
extensive.
- ​Global Mobility: There are consistent opportunities for US based 
relocation assignments and international business trips to support 
global projects.
- ​Site Expansion: The design center in Malaysia has grown 
significantly, providing a robust and large scale environment for 
engineers.
​- Benefits: While total compensation may not lead the market, the 
benefits package, especially for long term employees is not too bad, and
 includes car and petrol allowances.
​- Equity Upside: RSUs provide a strong incentive, particularly with the
 current potential for stock growth.
- ​Structured Processes: The development methodology is highly 
disciplined, ensuring a high standard of engineering quality.","-
 Internal Site Politics: Especially in the earlier years, site politics 
were a major issue. This was not a good environment and contributed to 
many internal inefficiencies.
- ​Leadership and Management Churn: Each change in senior management 
(especially in the C-Suite) tends to reset many initiatives, which can 
stall progress and undo previous strategic momentum.
- ​Lack of Strategic Persistence: The company has entered pivotal 
sectors such as mobile SoCs, automotive, IoT and external GPU, but often
 gave up on these efforts too early.
​- Slow Adoption: Caution regarding intellectual property leaks has 
resulted in a slow adoption of GenAI, which would have boosted 
productivity on several fronts.
- ​Favoritism and Meritocracy: There is a limited extent of favoritism 
present. Additionally, the drive for equality occasionally impacts 
meritocracy, where promotions and increments may bypass merit based 
performance to meet specific statistical targets.
​- Methodical Rigidity: Being highly methodical is a double-edged sword;
 while it ensures quality, it can also make the organization feel rigid 
and slow to react to market changes.",N/A,N/A,English
Meta,N/A,High Pay and very good benefits,"Work Life Balance worse compared to other FAANG, High Competitive",N/A,N/A,English
Meta,N/A,"Great benefits, free food, intelligent colleagues",Work life balance pretty bad,N/A,N/A,English
Meta,N/A,good environment; flexible working hours,big pressue; OT often; tired,N/A,N/A,English
Meta,N/A,"Good pay and benefits, interesting work","Lots of thrash and poor direction, poor WLB",N/A,N/A,English
Meta,N/A,"* Great people, average person is very kind, helpful, low ego","* Leadership is clueless, chaos reigns supreme",N/A,N/A,English
Meta,N/A,"- Products have good reach across the world
- Smart people","- Layoffs
- Upper management seems clueless at times",N/A,N/A,English
Meta,N/A,Good  pay and benefits .,Can't reveal cause of legal issues,N/A,N/A,English
Meta,N/A,"Great paycheck, fanstastic coworkers, great management",No cons currently in my mind,N/A,N/A,English
Meta,N/A,"great place to work, nothing bad so far","none as of now, will monitor",N/A,N/A,English
Meta,N/A,"Compensation, interesting and challenging projects","No
 leadership vision, constant threat of layoffs, poor management, little 
opportunity to actually speak for the user and push for changes",N/A,N/A,English
Meta,N/A,pays well compensation and smart team member,"high stress, bad work life balance",N/A,N/A,English
Meta,N/A,Good pay and free food,"Very competitive, bad work life balance",N/A,N/A,English
Meta,N/A,"Decent pay and benefits, great colleagues",Stability and growth are questionable,N/A,N/A,English
Meta,N/A,Good pay and benefits are cool,Not much to be honest,N/A,N/A,English
Meta,N/A,"Comp,
 benefits and perks are great. People are generally competent, and you 
have access to latest tech, tools, including all the AI you can use.","Never
 ending layoffs, frequent reorgs and lack of clear strategy. Lately lots
 of competition and back stabbing behavior are being encouraged, which 
creates toxic ‘culture’.",N/A,N/A,English
Meta,N/A,interesting working content good WLB good food smart people around,always afraid of being laid off 😭,N/A,N/A,English
Meta,N/A,Interesting counseling work with interesting clients.,Pretty toxic place currently with the AI chase.,N/A,N/A,English
Meta,N/A,Many interesting partnerships and initiatives,Company going thorugh constant org changes,N/A,N/A,English
Meta,N/A,Pay is good. Benefit is good.,The company is aggressive in its culture. Moves too quickly with no employee mental health in mind.,N/A,N/A,English
Meta,N/A,You still get a well pay,Pay will end soon with end of RSUs granted in 2023,N/A,N/A,English
Meta,N/A,"very detailed, good hiring team",just the samples are not present,N/A,N/A,English
Meta,N/A,"Good food, 401k plan, decent compensation plan","Leadership direction was messy, no accountability from leadership",N/A,N/A,English
Meta,N/A,"-salary
-no one is in office so you can come and go","-rough performance expectations (graded on a curve)
-sit in office alone (teams are spread out everywhere)
-no room to grow unless you're top 10% working 60 hour weekes",N/A,N/A,English
Meta,N/A,"Benefits, people, flexibility, compensation, ERGs",Pro & con to have performance reviews twice a year,N/A,N/A,English
Meta,N/A,"Great
 pay, benefits, structure, products, working with smart people, global 
opportunities, good work-life balance if you have a good manager","Promotions
 are almost impossible these days, care for employees is decreasing by 
the day, morale is increasingly low - but still, it's better than a lot 
of places",N/A,N/A,English
Salesforce,N/A,Decent pay all things considered,"Tiny territories with unattainable quota, software slowdown",N/A,N/A,English
Salesforce,N/A,"Amazing leadership and teammates 
Very collaborative 
Freedom to sell in a way that best suites you","Smaller territories 
Shifting pay structures",N/A,N/A,English
Salesforce,N/A,Work life balance is good,Removing benefits each year and becoming more of Service based company,N/A,N/A,English
Salesforce,N/A,"Equality
Salary & Perks
Free foods
Strong PR & Marketing","Poor Management
No long term vision
Legacy/outdated system
Hire & Fire",N/A,N/A,English
Salesforce,N/A,"Great WLB
Good growth and compensation","Not much room for learning new things.
Confused VPs",N/A,N/A,English
Salesforce,N/A,"Good talent
Good benefits 
Great office","Lot of bureaucracy 
Long hours 
Q4 can be challenging
Lost a bit of the reputation from staff as a result of layoffs",N/A,N/A,English
Salesforce,N/A,Good working environment at Salesforce,Reduced the base salary this year,N/A,N/A,English
Salesforce,N/A,"Base Pay
Benefits
Office Location/Amenities","Book of Accounts
Constantly changing daily expectations",N/A,N/A,English
Salesforce,N/A,It's SaaS support. Benefts are supposedly competitive.,"Support
 is being aggressively moved overseas whilebeing asked to do more, with 
less, take on wider topics without training or documentation, while 
shifting to become a call center, all with shifting metrics and pushing 
A.I. into everywhere.",N/A,N/A,English
Salesforce,N/A,The company offers competitive compensation and decent salary raises for high performing employees.  Benefits are excellent.,"Even
 though I was consistently highly rated by my managers, a lot of my time
 went towards defending myself on projects. Salesforce project 
management staff were more concerned about keeping the client happy by 
not disclosing serious risks and issues than reporting reality. When 
things eventually went south, the blaming game started. The bigger issue
 though is that Salesforce is failing to transition to the AI era and 
start offering competitive AI products. Agentforce is lipstick on the 
CRM pig.  native AI firms are eating Salesforce's lunch and they may not
 survive this painful transition.",N/A,N/A,English
Salesforce,N/A,great on your resume and for networking,Micromanagement and nonsensical red tape,N/A,N/A,English
Salesforce,N/A,A lot of potential to succeed,Large company with lots of red tape,N/A,N/A,English
Salesforce,N/A,"- Internal growth opportunities
- Trustworthy and talented people around you",- High expectations in performance and individual contribution to find your way,N/A,N/A,English
Salesforce,N/A,"good pay, perks and bonus",Nothing coming to mind now,N/A,N/A,English
Salesforce,N/A,"There
 is no other company that shares equal value on the three way success 
relationship between its customers, its staff and its own success.  I've
 had so much opportunity to excel, be creative and build successful 
relationships across Salesforce, partners and customers.  The rewards 
for all of this are superb.","It's hard work and there's never an easy day but frankly, that's what makes it all the more worthwhile.",N/A,N/A,English
Salesforce,N/A,"Pay, culture, products all stellar. Customers love it",No an LLM company but has great AI solutions,N/A,N/A,English
Salesforce,N/A,"- Decent pay
- Great place to network
- Serious career mobility","- Didn't feel like I was adequately prepared on day. could have benefited with way more guidance
- I think the CEO is callous and I don't like his politics.",N/A,N/A,English
Salesforce,N/A,"Great culture, enablement & support",more spaces in the office to collaborate and socialise,N/A,N/A,English
Salesforce,N/A,"Good culture, benefits, health insurance","Territory, Timing, Talent - Territory matters",N/A,N/A,English
Salesforce,N/A,can make a lot of money,the metrics are not alligned with actual job at all,N/A,N/A,English
Salesforce,N/A,Very developer focused and lot of perks from company.,Sometimes too dependent on senior management,N/A,N/A,English
Salesforce,N/A,Benefits and pay were great.,"Too
 many to name after Jim Roth took over customer support. Ever changing, 
chaotic and poorly thought out and hastily rolled out changes without 
any real vision. Every day something else got added to your workload as 
they indiscriminately laid off staff left and right and relied on AI or 
maximizing profits for their investors. Cutthroat mentality and core 
values of the CEO and company as a whole went down the gutter.",N/A,N/A,English
Salesforce,N/A,"Decent Payment, good benefits, ok culture","""High performance culture"" push continues to make SF not the best place to work or your grow your career",N/A,N/A,English
Salesforce,N/A,"great culture, benefits and career progression","no parking, no lunch, and office days (4 days for most teams)",N/A,N/A,English
Salesforce,N/A,Salesforce has great benefits and nice internal resources,Commission structure is hard to understand - you never know what you commission check will look like,N/A,N/A,English
Uber,N/A,Job autonomy is pretty cool,The dining hall is kinda mid,N/A,N/A,English
Uber,N/A,"Its alright, pays and benefits are good",Role does not exist anymore - LOB is closed,N/A,N/A,English
Uber,N/A,Remote work. Career advancement. Leadership.,Worked as an EAM for Uber’s DaaS program. Long hours and constant bugs.,N/A,N/A,English
Uber,N/A,"Energizing
 culture here, everyone is so boots on the ground, scrappy, committed to
 getting work done. A lot of passionate leaders. You can only be so 
enthusiastic about driving yet somehow we get it done. Top of the market
 compensation. Decent office amenities and high quality on-campus 
dining. No huge layoffs, the company operates efficiently. Every now and
 then you get a questionable hiring decision, but they hire fast and 
fire fast.","Insurance
 for a family is uber expensive, no dinner, no to-go boxes. Lots of 
restrictions on bringing your dog to the office. Extremely crowded on 
anchor days with a disorganized parking system. Not as many amenities as
 other big tech/FAANG. EV charging is ridiculously scarce. Not as much 
investment in having fun or building genuine connections at work.",N/A,N/A,English
Uber,N/A,Choose your own time and day,"Low rates per trip, getting lower daily, fuel price increase",N/A,N/A,English
Uber,N/A,"Good Culture
Well Paid 
Good Hours",Unorganized at times. But company isn't.,N/A,N/A,English
Uber,N/A,"good work culture , ethics and team","Slow career growth, after a point there is nothing new to learn",N/A,N/A,English
Uber,N/A,Work life balance is there and good perks,Got laid off within 3 months of hiring,N/A,N/A,English
Uber,N/A,Flexibility to work when you want is it.,"Rates have dropped, commissions are ridiculous, so working way more than we needed to.",N/A,N/A,English
Uber,N/A,"Uber Perks(In app benefits)
Short/Long Term Assignments for Internal Teams
Really Amazing People","Work feels repetitive
Not much growth in one role",N/A,N/A,English
Uber,N/A,"Uber definitely cares about their people, and I don't mind going to the office with all the provided perks.",The same job somewhere else might be willing to pay more.,N/A,N/A,English
Uber,N/A,"good benefits, pretty flexible work life balance",big AI push and priorities shift rapidly,N/A,N/A,English
Uber,N/A,"Growth opportunities, open to new ideas and projects, many benefits compare to other companies",Unfair compensation between roles. Need to become friend of the Heads in order to not get fired,N/A,N/A,English
Uber,N/A,"Growth mindset, fast growing, personal growth, learning process, constant innovation","High rotation, aggressive targets, LT changes",N/A,N/A,English
Uber,N/A,"Great benefits 
nice people
interesting problems","political 
no work life balance 
Not great leadership",N/A,N/A,English
Uber,N/A,"Pay is pretty good
Technology is great","Team dependent, but in my experience most people work 11+ hours a day",N/A,N/A,English
Uber,N/A,Uber wallet perks every month,"Lot of politics, biased performance review system, no growth",N/A,N/A,English
Uber,N/A,Flexible times and sometimes good rewards,Sometimes long waiting times for orders. Petrol is too expensive now and money doesnt keep up.,N/A,N/A,English
Uber,N/A,"1. mature tech foundation
2. talented peers
3. easy to resonate with products since we are the users","1. getting more and more politics
2. some rigorous perf cycle, pip",N/A,N/A,English
Uber,N/A,Fast paced and lot of learning,org changes and PIP culture,N/A,N/A,English
Uber,N/A,"Flexible
 schedule and independence. Opportunities to meet people from different 
backgrounds. Easy to start and mange your own time.",Income can be inconsistent. Long hours and traffic can be tiring. No strong job stability or benefits.,N/A,N/A,English
Uber,N/A,"Good culture, great problem space, learning environment, allows people to grow fast.",Processes and org structure can slow down progress and outcome not as expected.,N/A,N/A,English
Uber,N/A,"Benefits, pay, unlimited time off, stock options","Culture
 was rather good but started to take a nose dive. Forced back into 
office 3x a week under the guise of “productivity” but not enough office
 space for employees (and many just trying to take video calls 
somewhere). Moved sabbatical out to after 8yrs from 5 without 
grandfathering in current tenured employees.
Constant hustle culture but not enough support for it, easy to burnout 
and lack work/life balance.",N/A,N/A,English
Uber,N/A,"Good tech
Smart people
Big company","Politics
Ethnocentric groups
BS perf evaluation",N/A,N/A,English
Uber,N/A,You receive a monthly stipend to use Uber,"If I could give it 0 stars I would. Horrible Leadership at the actual hub, No clear direction, or care for the drivers.",N/A,N/A,English
